species,petalWidth,petalLength,sepalWidth,sepalLength
virginica,1.9947026033215076,4.8221430990584935,3.1997146864974777,6.74972910163493
virginica,1.7153130661347635,6.874768216552375,2.9780232836072904,6.62952383166852
setosa,0.4490331466698715,1.4587676808259276,2.9883165794149527,5.650745954337423
versicolor,1.1438350684896819,4.426130658492388,2.870855415513552,5.947384064652615
virginica,2.1060263705678723,5.9436997436437,2.9837470908194117,7.16414002465331
virginica,2.0151671933296447,6.646873489255018,2.8424372025911815,6.7547382067885735
setosa,0.1717693994980166,1.6746041799283526,3.0894449767169654,4.79006452066468
versicolor,1.325888831766481,3.4190242250384566,2.4932467834728573,5.76032365405799
setosa,0.13518924498163234,1.6135370102358495,3.8344954416343526,4.397653957296044
versicolor,1.2984287291909071,4.141729416158629,2.6988698686809443,5.843754244006355
setosa,0.5513354016162568,1.3148955894398142,3.620163403052846,5.297103489498695
virginica,2.228827257705385,5.530290664892659,2.649637431102486,5.442254689804578
virginica,2.1005645692732413,4.719457539426226,2.8952044581792027,6.832713475726134
versicolor,1.170316311779396,4.312235186747483,2.5057795084352277,6.379043459627
versicolor,0.9980755692314367,3.484061550531302,3.2226350677092537,5.6817454472099325
versicolor,1.2025229368136348,3.6679169868415205,2.614333213902627,5.289118887078251
setosa,0.5228921365435787,1.3290161968831726,2.6461894674603386,5.438248550128667
setosa,0.3437913423887996,1.6069335181101376,3.1968775327773393,5.370246022398468
versicolor,1.3086416580592675,4.431796658927376,3.1543675095112826,6.060758063041101
virginica,2.2579252674056685,5.637770053519207,2.486703464138456,7.114497160595061
versicolor,1.5801565760127922,4.311992638967135,2.415017379870662,5.443274567227047
versicolor,1.2380358592367011,4.060421560978787,2.2797060321519442,5.525085557886336
versicolor,1.520969010066308,4.704016738527763,3.1463302284101995,6.559134941159782
setosa,0.3964588929775529,1.5851258059465554,3.5496553515947014,5.304874312025681
versicolor,1.0741782435942049,4.112642392635086,2.768668686856778,6.252587962102389
setosa,0.3598706219750051,1.4016617982824728,3.4179240683287837,4.713174486621943
setosa,0.146168315386594,1.3136358294480126,3.055374030715658,4.8569137716233906
virginica,1.8650793809882824,5.992687352435869,3.096082069859926,7.923555883363997
versicolor,1.3781426861279047,3.9571892853390107,2.5793854384085075,6.067472157473973
versicolor,1.8352146157469504,4.810393135412738,2.663940957240241,5.839435509665624
virginica,2.3118814520258573,5.6623050962055474,3.1927471753415286,6.947138270833227
virginica,1.8166361759866412,5.388725046062676,2.6722044912365095,7.22300391832259
virginica,1.7986146975217494,5.079832737633244,2.9815880068894094,6.739268419077694
setosa,0.11618459047714638,1.4351009890215343,3.5612045432386417,4.958243327511572
setosa,0.21705263603063227,1.3083976524963448,3.06494198167481,4.275532776135811
versicolor,1.2085674069582715,4.465723849904611,2.2713887834277484,6.105233376023908
setosa,0.486172942567345,1.4607353068523778,4.041608558144009,5.132056592171352
setosa,0.5012411849302911,1.448323103433692,3.80445269131582,4.861460587623421
setosa,0.35186818814424814,1.5392146034204242,3.6712268197089557,4.582395543155916
setosa,0.3158299760557681,1.5422678955684423,3.170811452929538,5.030414462724416
versicolor,1.395922081661864,4.342815268556766,3.183514148556563,6.137621851213245
versicolor,1.0365465053682057,4.000088661940767,2.3239602480107315,5.898159459986321
versicolor,1.1531525286721185,4.751167324523324,3.1103058209900225,6.554959905567558
versicolor,1.1976735575781792,4.3722787172807145,3.0238854419801617,6.962226566532027
virginica,2.3987969082496834,5.605391621298605,2.6420433897764672,6.448531707408678
versicolor,1.087194929004268,3.949446667002965,3.233141826883727,6.287004623003603
setosa,0.5764764851965613,1.5464532149766264,3.794921274641677,4.934378225454634
versicolor,0.8201153904394222,4.605129055539477,3.2553197713183044,6.208524524080406
virginica,1.598411732821475,5.798824719959244,2.9164114385480047,6.0985720851476675
virginica,1.9214957108802748,6.675103882135801,2.245909659789009,6.672837406106261
setosa,0.3739038147178899,1.6691408448466207,3.602836891150769,4.906515509706806
versicolor,1.3351460831706579,4.6604582082344095,3.1007285421212725,6.072492945868354
virginica,2.1075767215968852,5.694975172664285,2.725355873885617,6.701037257276029
versicolor,1.4117813151756005,4.2731536819467895,2.9438307644298405,5.202707831066034
setosa,0.23010118523056447,1.1808271105659083,3.0925604749404982,4.72316398042315
versicolor,1.2176948819433768,4.346272259151537,3.122783403951865,5.511589960720202
setosa,0.44239809585773615,1.4344048870922559,2.8346678313928777,4.780715515430776
versicolor,1.672493213461983,4.853043710971397,2.681075728609152,6.663590621100499
setosa,0.36032813169767697,1.2016962682472494,3.4441218167908048,5.088995102868138
setosa,0.2753091617175799,1.483669262677973,4.07394024035294,5.013612717128257
setosa,0.2844670901916494,1.3082882448540643,3.8522190845638278,4.9475923001273205
setosa,0.5100217604828111,1.2812962823197576,3.4977962655858015,5.712658020371124
setosa,0.10763117604739694,1.441309140650652,3.8400333572817757,5.004322446356758
virginica,1.796596437988618,6.626391613502444,3.054244149391163,8.099871420748153
virginica,2.0220540634586657,5.7625115229634325,3.252401348464508,6.602831198718837
setosa,0.4196742881266212,1.4176000510267057,3.37126907670989,5.07159010506203
setosa,0.5490802098876462,1.1891731291918273,2.8689019776397693,4.770588738144001
virginica,2.3931023660554693,5.279381734416807,2.5539822017146654,5.845146367721858
virginica,1.5373378696693276,4.792571435563368,2.4201762104585383,7.262821684038695
versicolor,1.3897531526370281,3.0623256015582254,3.300491815728079,5.985293086036527
setosa,0.3974434603977278,1.3468555943622889,2.756752943340203,5.179694239952596
versicolor,1.4683685546103655,4.671088089825972,2.5807026278394476,5.80517469741681
versicolor,1.2118710625927158,3.6542321831312865,2.7779013896089078,6.121790077019203
setosa,0.11036486902109519,1.446453611831049,3.381343926758177,5.194402493231754
virginica,1.9274264371694887,5.998935478751834,2.852555367961368,7.280197522846308
versicolor,1.3022436560194697,4.667353667670673,2.723016240644273,6.625012069659868
setosa,0.452235840518032,2.056914910336867,3.6272425033846076,4.9547831678005885
virginica,1.917010511224892,5.2680862179678405,3.6391716151375486,6.109153768296158
versicolor,1.539123068589519,3.7693060610903877,2.27113877114519,6.869361204684032
setosa,0.3348181996808727,1.4759475715695185,3.897251808572939,5.278803477008365
virginica,2.2223605914211175,6.195372225158925,3.079480934701736,6.6113506337907495
setosa,0.45719340351040727,1.340456652276162,3.8417269577750055,5.432890806151767
virginica,2.206634291878471,5.5365506140152,2.915217261234025,6.178133267381368
versicolor,1.4915554653024798,4.957165758553533,3.109027379946661,6.017466952641162
versicolor,1.549869574296752,4.15466503110501,2.712911517177921,5.983442220024954
versicolor,1.3913890968660088,3.8620810985427187,2.655923876966143,5.89507774733148
setosa,0.27284452807965853,1.1473123916752814,3.402823034986561,4.979137503498839
setosa,0.2888932729812732,1.402878132025759,3.803498403144342,5.105092997739123
virginica,1.6690132417619283,5.74536637773816,2.5391518527994457,6.838597525150401
setosa,0.27102185726555694,1.333197343966178,3.362078460380573,5.5622703906757405
virginica,2.247087569578846,4.761323394702531,2.719899548782592,6.933527640938852
setosa,0.22711544172265316,1.853375317162043,3.4058835806106487,4.636485440174223
setosa,0.3272851635605655,1.3768388452762044,3.121639048358624,4.913446903858997
versicolor,1.4670949734453713,4.926427001360643,3.2551067902070487,5.880928320735024
virginica,1.833258585723839,4.835557689875295,2.6155026285457437,5.607163892907128
virginica,1.7751698987140259,5.394268922511369,3.0692632175039867,6.776700282080306
setosa,0.4661299948785971,1.5048672561363188,3.5847553616089165,4.636477129844595
versicolor,1.5614853720058919,4.3111108012389465,2.372502535327981,5.265678079072477
setosa,0.34834984939100844,1.4218228686259642,4.041513380724972,5.3217662561245085
virginica,1.8383677376534022,6.304102809698828,3.0742330969086287,6.302428741127688
virginica,1.9910387085940835,5.68931219333931,3.6275831531949567,6.782465259167429
virginica,1.6480004730425817,5.082964677059833,3.262411855540541,7.013476548769878
versicolor,1.46952653737933,3.746902818777887,2.5096859382964043,5.320907210427751
virginica,2.076410324969048,5.139727647889666,3.150732405726105,6.506362334425717
versicolor,1.6827025157145779,4.814615715439308,2.220226362927909,6.093298483065967
setosa,0.4921501132591687,1.3723830130373655,4.325029177015637,4.71920088218121
setosa,0.3569380501414876,1.2985086850918997,3.4061730453288988,5.071911821717611
setosa,0.13697936170591932,1.5269472541195834,3.9700363203889992,5.18183158376874
versicolor,1.1417708987721902,4.39945333467149,2.199883535453024,6.34675139218129
setosa,0.5268139715085899,1.22141961418939,3.104169435908947,5.184868553498099
versicolor,1.2511628248577855,3.8903302102948274,2.5893510382766136,5.606317108180125
versicolor,1.0496961478689908,4.64622318418572,2.7804342540794815,5.436296545863686
virginica,1.9010964340242156,5.996358128362888,3.4446176416695726,6.947013285818782
setosa,0.3146207204552306,1.6873724204008074,2.58829217893933,5.436343116434614
versicolor,1.615565516110963,3.5384646461612803,3.14325231275025,6.506730110503773
virginica,2.0438523094238477,4.678891936435782,3.4239523304541195,5.621076767773921
setosa,0.5939902066879645,1.5295848063039545,3.4263619470004336,4.905145330725928
virginica,2.0670124730845583,5.034235419243627,2.8580384744577807,6.723106790747108
versicolor,1.3984821724617118,4.163109603872588,2.929152328112383,6.239014530781329
setosa,0.10096367486801863,1.6588504325181832,3.4095515436509416,4.890044119960552
setosa,0.4929017411167248,1.545015624192768,2.8338413023075653,5.113303214399694
setosa,0.43372796431130045,1.202235107431909,4.0289669651963855,5.319454612469234
virginica,1.7109268507777244,5.483437739430697,3.3360890795946316,7.176082490266706
versicolor,1.7614058764006368,4.840423895974764,2.641457333473416,5.678311380046789
virginica,2.1387623347108082,5.2954334755803485,3.8403506433984345,7.027009387347203
virginica,2.0129152037785207,6.590114182808929,3.249842038845651,6.650428519076293
setosa,0.2614103979267435,1.4316216445106136,2.7623691038144713,5.718301632931253
virginica,1.9632004688265452,5.736469203307022,2.3719408481753748,5.991717215775147
versicolor,1.487151981653449,3.8058657691769633,3.0013799331273305,5.536710668117905
versicolor,1.5993174221831106,3.9062804581464183,2.8192197184252685,5.390542844585307
virginica,2.314847717176355,6.428085369798902,2.328453362278662,6.601750739345787
versicolor,1.26401893001365,4.417273309856821,2.5985624284052515,6.5695694860192075
setosa,0.3765007057561972,1.147068550648032,3.4234575002568697,5.309525928181829
setosa,0.4352664696985524,1.1775351357366524,4.079152455506861,5.052947482455999
setosa,0.5819014097182839,1.5417779128571825,3.478333679475522,5.220566444697822
versicolor,1.3241180398413934,3.6127181157976933,3.10221881191392,5.815113033644684
versicolor,1.174298549643752,4.625096102583396,2.352215636007417,5.4399572649881724
setosa,0.3187196008038008,1.5978877020908175,2.9225480303220763,5.110027071763976
versicolor,1.2449779864452228,4.529302772590702,2.28585835250734,6.294231017253629
virginica,1.9806708185331745,5.0485020889168855,3.3010151257830365,4.776217818651562
setosa,0.49868615091215174,1.5803742844289257,3.3130727279399466,4.762992376056766
versicolor,1.0181158124762464,3.228746638573643,3.1708625358001266,6.097366971200132
setosa,0.1776147764920553,1.3641047809980873,3.5615941201693246,4.219007568754902
setosa,0.5609776493380231,1.365741409491012,3.6077336030702014,5.206498128412598
setosa,0.5496979886866054,1.277047699878707,3.279345945034148,4.8921750766045795
versicolor,1.3425377520264279,4.133849280681053,2.84053156547989,5.379958289314572
versicolor,1.3799450524987402,4.2060870208606,2.229526703861662,5.587959258002957
setosa,0.35785289014618327,1.3874775586060046,3.510872315337558,4.807531972062925
setosa,0.46364879533265413,1.4551821790707682,3.3770271082984102,4.670968791114328
versicolor,1.2610325682671772,4.078941081271621,2.9019414110068644,6.034431625709803
setosa,0.2385357135415516,1.6188844510559326,3.8757453484733695,5.314974819415693
virginica,2.5747494154525885,5.862960380906312,2.8991714117604404,6.350068342307047
versicolor,1.3332177893698076,4.443037701227754,2.421789857409898,6.12286501472525
setosa,0.4986145434354725,1.2235395326390344,3.6355175160147617,4.630215112472688
virginica,2.574029280421616,5.638704148405055,2.906913024313424,6.137248436414769
setosa,0.42697878517457455,1.646277566753044,2.585266299099519,4.776241369794325
virginica,1.783055111987733,4.9666082176902995,2.798355786789939,6.530148708964385
setosa,0.3781102071152933,0.9613823953990845,3.391926127121568,5.313245773255796
versicolor,1.2670585868634776,3.4384030812079365,3.046805831569693,7.271557067960511
versicolor,1.1788354797994123,4.181652739238318,2.863529371491227,5.712284009743393
setosa,0.22131308209083203,1.8451414604691099,3.3523668229515557,5.325155405752018
versicolor,1.6061077356346245,3.434574351729588,2.9162316096774554,6.059202007876058
virginica,1.641376327252055,5.2554772336684765,3.3881252422987744,6.580160864427976
versicolor,1.3502579604426785,4.708911477673311,2.678332044249904,5.306149563092807
virginica,2.6299645527522397,5.085925934929566,3.5301862695581026,7.47215830130272
setosa,0.38607449722091625,1.2383641538149983,2.7276058666034793,5.1940515706511015
setosa,0.5104826858032679,1.6775389496394153,3.0093435393681176,4.839584709380925
setosa,0.5630932293939881,1.6241614939437046,3.350396804776686,4.757990026037504
virginica,1.8813880011429944,5.949755559791491,3.4057830820703594,7.035568899333564
versicolor,1.3783657323098772,4.5708072046524535,3.04932205053501,5.211921281034509
versicolor,1.4653370242723367,4.522706617821624,2.376467027014304,6.160708274530771
virginica,1.9931732702862979,5.574266581512961,2.962684244139509,7.342621795576841
versicolor,1.389373702444566,3.513096348871483,2.6041993420361518,6.292834761333055
setosa,0.3833851362597309,1.655905011375487,3.139203938470164,6.04880669063211
setosa,0.17411622683437625,1.4511896771280992,3.7066410874789,4.491059180759331
setosa,0.4929972048249448,1.684971035604514,3.5379591005536817,4.4019569770835885
versicolor,1.0461527950294869,3.577143499674916,2.848474619161004,6.27472364768604
setosa,0.11408741561086147,1.4269649249685417,3.01950164384467,4.806379849053198
virginica,2.157226841796505,5.738523463401337,2.8280930429066404,7.228671814397135
setosa,0.3266279113044772,1.2163775113463955,3.006191470840175,5.216715297316904
virginica,1.6983846496158481,5.7256180227382645,3.059795588308128,6.598455942931189
versicolor,1.5246402791392126,4.863398646406227,2.4751938525760755,5.88644178023591
versicolor,1.2918069408930297,4.3035516487658025,2.622892857554331,5.81097065565933
virginica,1.727806393550046,4.814831371119238,2.6872644522141087,7.014049547115006
setosa,0.5711253101000526,1.6579742486374105,3.1727021796832027,4.530996576547414
versicolor,1.6285566537285954,4.332989609271424,2.626735848553458,5.843397893340048
setosa,0.2888512386957185,1.5969160881616427,3.9701555295360116,4.816358572780923
virginica,2.15146519177107,5.5451509627712525,2.883272013676458,5.795598569204094
virginica,2.313383634905118,6.771384146503789,2.8874736050162153,6.286784815565218
setosa,0.38773456340490375,1.4623414064046725,3.3192073584549178,5.566517772958821
virginica,2.1392102528665458,4.999708557605418,2.7860554896133944,7.302392516031297
versicolor,0.8681754285393615,4.597372528636223,2.778477881793976,5.77274252622315
setosa,0.2843775343836402,1.586241889304561,3.028310080584717,4.167074664280101
virginica,1.663399796300875,5.003787298515344,2.7909308956883936,8.644723379230326
versicolor,1.1563608062278743,4.7251411315149054,2.8781767163049112,6.17897291339047
setosa,0.5377225799242645,1.0372567262098262,2.7472557877730353,5.09765583527439
setosa,0.5254368762359668,1.4189487527475926,3.683118924541727,4.978206131776284
versicolor,1.247720805038749,4.382353299688836,3.3777610609072743,5.935072897828889
virginica,2.355240435556719,6.005347618218094,2.9950192327007477,6.993416149008526
setosa,0.5048556429934475,1.3279723801068695,2.4274471836437854,4.689716834836141
virginica,1.7445470049196166,5.536889573741184,2.8490575035337162,6.514279533102345
setosa,0.4963065984321732,1.4084934508031832,2.9957202260550417,5.0092655178458605
versicolor,1.5860115623694881,4.072274411781332,2.8931859853769515,6.36199092058505
versicolor,1.4953917543991493,4.075536164106786,2.8848379224822374,6.198774024433108
virginica,1.9707090634198696,5.403342571997742,2.59009251139653,6.868952897017499
virginica,1.9611962617971344,5.018424623438756,2.3587922169262945,7.588406830566454
virginica,2.048208654535986,5.14309549726185,3.037632719534577,6.947175139100688
setosa,0.42621739030237193,1.6000283420897672,2.612349011928771,4.871684978752173
virginica,2.2553884010720324,5.449227014124795,3.1019820980003643,6.023400836660237
setosa,0.1694640162297484,1.5643850032544977,3.7194044043837593,5.268002368717647
setosa,0.24292688703277796,1.1630382611653136,3.9624009173560637,5.115021916058511
versicolor,1.1612791879575763,4.007407872086226,2.582793036774721,6.0178448495398005
versicolor,1.3592066928480202,5.005238755293301,2.1453752121913205,5.19566070297475
setosa,0.19276042302557853,1.7512651051788701,3.509213298978448,4.979100749168801
virginica,2.26032502552353,5.908478253444741,2.877894121432402,6.404465270737424
virginica,2.0740793443951544,5.035563818426322,3.148089068286907,7.09636549581084
virginica,1.7973277846168951,5.6166667600139135,2.9930451911090223,6.998670797329366
versicolor,1.0353088971916602,4.1627920634082844,2.6595563274793745,5.960415444900571
versicolor,1.4831890011867548,4.5247569438414565,2.804925242211073,4.737838886474262
setosa,0.4856626958643818,1.3565704778275318,3.5653622550441035,5.213446985359486
virginica,1.999171377104516,5.618190185116951,2.985467835976926,6.811622603743224
setosa,0.20661166936193406,1.5698561970651594,3.4251804436603592,4.9324787398068715
virginica,1.8904305338281908,5.103610516123059,3.2151810624888264,6.543949892489843
versicolor,1.500989900641365,4.582913453735038,2.5155071622346057,5.819976930037991
setosa,0.2274909769094058,1.5188494342929135,3.110348927617437,5.181950102078243
versicolor,1.5857567119726539,4.7682532500062855,2.694016463171362,6.963602431354569
setosa,0.33184227537332855,1.666058880869322,3.2648910025207627,5.2220450415039075
versicolor,1.6086403959802071,4.194969653163959,3.019752527726652,5.695246423510228
setosa,0.1916833674986885,1.5380685291636578,3.742784484083785,4.747123693397269
versicolor,1.2847298770639044,4.546258331748016,2.690542973653332,5.495053330807513
versicolor,1.3137999890015193,4.057221973709916,2.946652574653516,6.136070014323606
setosa,0.3230648173841033,1.4618017601627367,2.8896490468371248,4.290506061318847
virginica,1.5606901765042753,5.235366121314771,3.0651468777011828,5.551951704896155
setosa,0.252827890871836,1.4391125351320224,3.4017257891615458,4.748731489964935
virginica,1.675557082398571,5.257268099775613,3.4151629168546958,6.484484284683109
setosa,0.26403708279746796,1.7558637144665674,3.7738128699353055,4.476325008983249
virginica,1.9902700595080374,5.6826950138181935,3.7615125590009213,5.970715235924374
virginica,1.8732317955077074,4.7239513072599415,2.382543375177395,6.273577970054511
virginica,2.1764770200174963,6.32450045094539,2.7202357974458504,7.862470492932175
virginica,2.317768901770634,5.266871081566443,3.0507632363798627,4.99264072819032
virginica,2.0490783088330087,6.2652555249131,3.235970201165589,7.255204965417786
setosa,0.4615959504707663,1.4791759653119612,3.9415560201412525,4.726572739993974
virginica,1.5642541264593106,5.255205966675655,3.783746198649734,5.922194161396025
setosa,0.5123299039763792,1.4102377913910376,3.7008309806906183,4.899820024595303
setosa,0.35571076839159455,1.7826402545569318,2.8829588647732827,5.765299632358792
virginica,1.6888231313009197,6.274417366792254,3.251546415362999,6.805998231326834
setosa,0.24799596068023574,1.5028803246241615,3.267671685878838,4.854489691150181
setosa,0.35050373857111916,1.544668600812999,2.8094168531090773,5.443953058136524
virginica,2.1455680209966363,6.488018363501398,2.3450841133809956,7.586092328341978
setosa,0.5934600545821167,1.411304191510447,2.988056831801501,4.489282130747283
virginica,2.2393754167653155,5.915509029718681,3.063427388187798,7.502788962502127
virginica,2.1292016428196643,6.073845595290367,2.808569266352382,6.517838379817141
setosa,0.22539790815086433,1.3846582508348155,3.5618150861074405,4.89308003057446
virginica,2.1352694633887337,5.989169637697839,2.5865301543037558,5.240743447235927
virginica,1.4860753603957457,5.43142945487394,2.700491637405338,6.689053822783711
virginica,2.225961887660782,5.789133428492306,3.1069800233287057,7.472333161725912
versicolor,1.3196431365429533,3.863159352993817,2.844748334718254,5.851265359002429
virginica,2.2902666307397643,5.928102503468854,2.9835026095162376,6.727793943644661
virginica,2.0346031501034476,4.5504192639759875,3.0312270202852694,5.729020878203334
setosa,0.16351570239966137,1.3192867326816349,3.127915451336115,4.641314366351222
versicolor,1.4244198630484053,4.344556297218092,2.7610081697560678,6.90020564038038
virginica,1.8673909559503379,5.620420015150352,2.5773077444327006,7.111639519930579
virginica,1.89252153120428,4.943406722615639,2.979541484370095,6.7789325791835235
versicolor,1.04563236106614,4.586077533065422,2.5189125331839017,5.538015564827003
virginica,1.653415190876351,5.054279187636604,3.3200058796161462,6.656528128461018
versicolor,1.1742346085795867,4.520497601832107,2.465752240217673,5.594424415313559
virginica,1.9307399900928583,4.689362157694777,3.080896905025335,7.429663479259146
virginica,1.8370809341867078,6.462403206128181,3.5671894936922186,7.251643959754322
versicolor,1.1956769040989623,4.668164592423105,2.2787400713243238,5.21401372918137
versicolor,1.3426573828230621,4.617481511002864,3.114603839176507,6.244873174634626
versicolor,1.1532674077594873,3.614894177121733,2.6727245097944192,6.534408284175389
versicolor,0.9597254337968031,4.237218654085506,2.4830645127606887,5.294128290251568
virginica,1.6852398724347468,6.413561249124262,3.371817654217764,5.983955160039667
setosa,0.5020541074496773,1.4245837906819072,3.6055153521430228,5.692281185958574
setosa,0.3211733533658744,1.19624563817692,3.531840648729329,5.373707174346705
setosa,0.5418091342500377,1.5303923100968024,3.797877840758666,5.408766830973491
virginica,2.251580105539742,4.827988934298616,2.879291429833601,7.526602729870939
setosa,0.13189500619960767,1.5513995544138144,3.8146639826979154,4.679562765891068
setosa,0.3235258806131266,1.5336085492375204,3.4554389665641807,5.288903161047303
setosa,0.35618037164400107,1.4972801341528874,3.482528248597667,5.34236714473744
virginica,2.120739458235912,5.691799249614686,2.5565516462224043,6.2364800526719915
setosa,0.33836824427468615,1.5578065074297447,3.9227468310124607,5.027796765099424
versicolor,1.403260883201573,4.357074421309689,2.8664102360002346,5.998297500853805
setosa,0.3645439155559351,1.581239008347458,3.096816573250088,4.581636941297408
versicolor,1.2612184014759122,3.351085417273764,2.787956987246282,6.268397120421958
versicolor,1.594595885501899,4.195243955466818,2.972542873669763,6.411441329953111
versicolor,1.4924301272682663,4.096631917052154,3.2679137826519047,5.470646308077266
virginica,2.022431663382233,5.479888393428443,2.5455483240198706,7.757033039601302
setosa,0.3361306227691859,1.3494698569805932,3.614683932419709,5.085752597698496
setosa,0.4213190334500889,1.4478997526245796,3.456026265584761,5.046868230178047
versicolor,1.72630697042172,4.210656605978167,2.8781765033164284,6.538815033840449
virginica,2.2835556555120835,5.839206359619423,3.071061123944174,6.660921670420343
virginica,2.0498119639355012,5.268021362436701,3.0540966036772543,6.162503334640915
virginica,2.3278376601677166,5.556050328687565,2.867268508577489,6.513682962728655
setosa,0.48418189761663366,1.5217819403066986,3.55267795198332,5.993776900519346
versicolor,1.4209499716797305,3.492399418819214,3.1802139587395315,5.357022808659261
virginica,2.458969969183645,5.900149215671325,2.3593779402970867,6.0715731413037375
virginica,1.5960711658552817,4.877421987887617,3.297079805988263,6.761950465532729
virginica,2.1374510199674237,4.95679465752745,2.308683475700508,5.917628320190023
setosa,0.20509628086561435,2.015495941495433,3.4705431617436027,4.847821250965508
setosa,0.19263663387068372,1.5764897630558279,3.347372221360633,4.535932995710976
versicolor,1.3774137461659972,4.465475172811669,2.836550071350202,5.93496731913417
versicolor,1.471585570681469,3.9635035542913544,2.61007494026989,5.29624094106907
versicolor,1.163538251180709,4.2695519969366424,2.6211109883466452,5.807251876049618
setosa,0.26281697718646246,1.1933824713937233,3.609862010137025,5.3988804555629715
virginica,1.826850009997809,5.580443417901683,3.159380683383299,7.425533898208084
setosa,0.5768598234953313,1.605668316842836,3.1730940982005507,5.340094218789281
setosa,0.1991029600961368,1.4589891809669964,3.6695892941129387,5.067446199689717
setosa,0.544649413050687,1.4506697322709545,3.019510599279677,5.0404464560599305
setosa,0.14563787150963084,1.5541668575867247,3.6247094700152935,4.988845565712073
versicolor,1.4520835571122204,4.054523357714849,2.1449414920819527,4.841575263464162
versicolor,1.2755554608745043,4.4037224847705385,2.45366163677259,6.052058697065371
setosa,0.20930429060101088,1.2343451750525212,3.716467742194446,5.240488554442652
versicolor,1.4548287419537003,3.8121994406354056,2.588470073537219,5.612136217921201
setosa,0.24062277282348135,1.4691579160920174,3.747041309910447,5.1680693326904015
setosa,0.5706880043660041,1.4249293552654239,3.3201917753802483,5.153828584203673
setosa,0.5650408950635389,1.6701018392447153,3.664559549515925,5.195264020488529
versicolor,0.9064459351641827,4.093021220819066,2.4635482068806533,6.32502655729248
versicolor,1.3057716305537557,4.680592422481341,3.1587328358972053,6.082650166982497
virginica,2.253114160275352,5.57901902535971,3.0761751381288307,6.425391401726756
versicolor,1.5936827279445764,4.406745113987332,2.6812780027220064,5.939752295567817
versicolor,1.3756568469334731,4.090815526741066,3.35736700940273,5.6753891807786765
setosa,0.290414641390799,1.3129516247629396,3.215479407219334,4.862968714802563
versicolor,1.4627309162486934,4.793251036500946,2.8955375271698847,6.1367157127796075
virginica,2.6339656132711315,4.909627948826869,2.929950990092026,7.262682786104037
virginica,2.0838611212034817,5.313425201632532,3.7326398286466773,6.9570211139008595
setosa,0.365898550859186,1.4584677739885255,3.043790168022639,4.586794586028687
setosa,0.1644621658000521,1.4468479907591254,3.7039247714865837,4.765277675958459
versicolor,1.4853522503036547,4.240784464089239,2.1330150744218606,5.9755609851039075
setosa,0.22740354020941436,1.453383975565012,3.8706039957913525,4.730311855384189
setosa,0.24764367217907887,1.4081265350818901,3.1074167635729495,4.479353040617695
setosa,0.15365999687053858,1.6114032174303423,3.7669260696600304,5.2396425957427715
virginica,1.8725286136015526,6.008085941343796,3.1345095419446407,6.806823614772174
versicolor,1.5919892912512075,4.950661281214515,3.0817553598153156,6.085026399301913
virginica,2.199980543034254,5.463318839165408,2.5550626001690437,6.431167529256017
setosa,0.15600740407220007,1.1168462900032865,3.6069802318264763,4.972938434191797
setosa,0.21864282217723138,1.4278528154197918,3.2579626938767383,4.680713197541628
setosa,0.3179158940341552,1.4199328224839545,4.188028080411886,4.944339690738276
versicolor,1.2829916553015261,4.420779993923322,2.744045967138102,5.466512121094217
versicolor,1.1508771288730373,4.04084030640411,2.529881530077098,6.104675270907475
setosa,0.220689969698698,1.5533971936628195,3.646727207087384,4.662261759122445
virginica,1.7914456566515113,4.79025978144495,2.388250783782043,5.94395662532137
virginica,1.9928086363852406,5.715818041617246,3.3614241254452124,5.642400848786334
virginica,2.350373086326732,5.887775440649553,3.173880120875781,6.318301885441658
setosa,0.1106145060523697,1.620077558913838,3.161495340937666,4.882479213763391
versicolor,1.5814510965748776,4.246306284022891,2.346164631228897,6.710128119108149
setosa,0.49346861185317215,1.0582206598239767,3.023684955345665,5.09122665145194
virginica,1.6001609957358474,5.266918617774133,2.7324266697002084,7.258312120611098
virginica,2.202824201634879,5.849120773023534,3.56849060840065,7.338655377113252
virginica,1.9551764991634668,5.374344567536262,3.2879756969751233,6.893164374774633
versicolor,1.5509263970751943,4.206285153435345,2.915701760959701,6.29209694241483
setosa,0.5629882461942053,1.6231432770109304,3.3530554981168343,4.766191215951643
versicolor,1.349045966952047,4.280888232334464,2.908800897365574,5.476123049672225
setosa,0.17338456950650286,1.2547193778386472,3.244409797772292,4.951373974311709
setosa,0.3271380440477619,1.5883652949733076,2.7851269154036515,4.785165273436122
versicolor,1.119784468767559,3.782075903119173,3.039711254057706,5.6255460129632215
setosa,0.2621309837562338,1.3958593859757813,3.4350175572283064,5.252394374204578
setosa,0.542567041197387,1.4123876211414665,3.7733271057070397,4.582521682377555
setosa,0.4683870109920729,1.5338706794788832,4.015898161440884,4.726173287781003
virginica,2.3039154460975055,4.895564675797557,2.9064354170805284,6.933075540123063
versicolor,1.3878470724223035,3.9084909728704114,2.667960932305361,5.501055754081103
versicolor,1.0335811142078413,4.864641174477272,3.0272033645157825,6.360747780446904
virginica,1.0911467113391469,6.69528770403638,2.7446410148646,6.212350691871698
versicolor,1.343186198667586,4.584289920879472,2.3824740944470366,6.052504315958379
setosa,0.45110068172721274,1.382673861210129,3.582983853208482,4.89933210845443
versicolor,1.4776533854447989,4.651843759245626,2.4712022465223327,6.060861862678294
setosa,0.4050220722300637,1.7453486608828852,3.498395136971734,5.119061908489546
virginica,1.8613337442750009,6.27722841700457,2.955552722664925,6.690588566630735
setosa,0.43001314959655357,1.4172839993727133,3.41529145872299,5.070623362271254
versicolor,1.163724437901766,3.640807076282892,2.361099117695243,5.0629268671334025
versicolor,1.2239454417826183,3.5626102121527756,3.0263716789315076,6.805157535022281
versicolor,1.3011407149147889,3.982789838363174,3.104719389762254,5.605317232929808
setosa,0.33906842598583076,1.4549767432970313,3.5435752091430324,5.112944117555957
setosa,0.4053893674449096,1.391433016709406,3.1233264837183015,4.889988938136225
virginica,2.506780716756193,4.989119526897946,3.4203705317466446,6.953192377954103
versicolor,1.4242713624030714,3.674472824452034,3.066734659389132,7.136887373522501
versicolor,1.1738215325407069,4.816549733630525,2.9340646961932695,5.947384202788802
setosa,0.10885692694858487,1.7088964820534747,3.25368157067485,4.898345832189765
versicolor,1.520399915536827,3.457809694033385,2.5895998693068445,5.827075427852171
virginica,2.036895924592417,5.290310437038501,2.152256093261565,5.811220088067911
versicolor,1.468643747404608,4.683379736147223,2.914292304679059,5.9682491124562755
virginica,1.5931077380838943,5.1460164038984715,2.5908708171046753,6.685956637589621
versicolor,1.4782490002539443,2.9161834536028595,2.876884426507738,5.844374876065551
setosa,0.579010419426589,1.4249214222873219,3.573701655241404,5.618187182081507
virginica,2.4043190196017763,5.176992394060097,3.107549316354196,6.90639130407979
versicolor,1.3529698152226814,3.5336283885399973,2.804478733991851,5.045078345114012
versicolor,1.1575621319735256,4.702140775227843,2.9428449574150624,5.165097903413662
virginica,1.8204487676186831,5.891001712597275,2.8890525088045984,5.824526110681592
versicolor,1.4189762862062065,4.6061062792598975,3.147470337028306,5.314604480418046
virginica,1.826890286622037,4.922763307104858,2.7838437473693394,6.933621962054593
virginica,1.8825550402636546,4.964609965224032,2.812198991689463,6.27102104252689
versicolor,1.1703422583073229,4.103569641837469,2.869494731181894,5.160359179460018
virginica,2.2397333863306894,6.802476389518493,2.252720356379969,6.899673132189411
virginica,1.884107079133,5.031077649602459,3.103477555413605,5.970838955510116
versicolor,1.4051178247109368,3.6101722109676895,3.004769186847562,6.141757079198098
versicolor,1.178648286162027,4.193738276402289,2.578682683816128,6.024133467877191
versicolor,1.425280357844051,4.470119387956733,2.874056164887816,6.170470647250896
setosa,0.347389224633743,1.5316482373545597,3.631741438796613,4.901701242602495
versicolor,1.1313841044582744,4.306407622320317,2.6370376425866633,6.275669820079069
versicolor,1.526498420189583,4.190802547793229,2.6217467736691678,6.836425865293287
virginica,1.8334967271659401,5.156707127245829,3.725441453065773,6.798729945818092
setosa,0.16113319688647218,1.6101203780683564,3.6367106864863175,5.029129205790811
virginica,2.0837714906101175,5.120269788334621,2.762806401191611,7.377627612484579
setosa,0.2267842646825082,1.5239206914646428,2.750911612320621,5.121363662794783
versicolor,1.604238487917756,4.967960173774992,3.2102461648469856,6.414469442554835
versicolor,1.0800428970638127,4.678604984462733,3.2239365020482973,6.766933351122629
setosa,0.5965670701853284,1.4957551912095806,4.035748455251166,4.846529229453411
versicolor,1.6369444277722587,4.422924153735557,2.639858090928291,5.040363714900288
setosa,0.44902262782412095,1.5277639475701146,3.2990932428677766,5.515035214013167
versicolor,1.431891050452755,4.676711280263539,2.6738267935507354,6.0653485577106725
virginica,2.013101970582772,6.4165704796009795,2.8232983917478243,7.559369718047407
versicolor,1.4462268997904033,4.341472074290044,2.812110714721349,6.2309019351803006
setosa,0.25660110806253145,1.6527846991881932,3.2556276947095526,5.299776185553721
virginica,1.7424493282615625,4.693957639736631,2.8371045271344175,7.419625969485331
versicolor,1.2097534307816544,3.921201011991826,2.843052432073019,5.8513504380987955
virginica,2.146292208923116,4.882866425894905,3.495660806762222,6.049688482696526
virginica,2.180295802578663,5.582270867704581,2.5032271113856948,6.11487774625618
versicolor,1.3760487950755214,4.568237036723968,2.9567816357593184,6.710858747733403
virginica,2.44313182126926,5.537786536068432,3.0729996033323106,6.596484890600026
versicolor,1.4930425299713845,4.341355699806066,3.085311405136167,5.793596321051702
setosa,0.47834673290461716,1.714621173423355,3.401573152621989,4.82353482675919
virginica,2.1483730993662737,5.438353217602868,3.1038893278953017,6.087046579050146
setosa,0.11924711586956618,1.6785827111774712,3.757648848087939,5.315563495061743
versicolor,1.4382669075286822,4.133629722656613,2.175119246429818,5.812114072944624
versicolor,1.4019010017356777,4.720124182225864,3.01112308096682,5.888524980098522
setosa,0.2751076191689542,1.6787590869497038,3.080593832590303,5.512575424714225
setosa,0.25732321431210226,1.6385662364833031,3.1465620112504276,5.170075172165098
setosa,0.5663725922201018,1.4405575743705774,3.2629066577076102,5.131971700325374
versicolor,1.5014775960678115,4.457651941999519,2.886059133309324,5.039790284956703
virginica,1.7515418390008426,5.332827381846159,2.660895966314432,6.477460627609126
setosa,0.26980494683229583,1.6541376265479188,3.537505153862753,4.871206700553175
virginica,1.6028867218245244,6.192347065301689,2.6677325643135092,7.332791869405158
setosa,0.416247250399841,1.1614354307814132,3.2966434435581498,5.86838372957735
virginica,2.243034233252345,5.2381331953989365,3.2364104421238693,6.985136033460332
virginica,1.5399019796938624,5.245485972783627,3.141370033686515,5.756321687462121
virginica,2.3155645321818206,5.925806627696342,3.4882066118879185,5.871143292928787
virginica,2.3792785571889823,4.638238634130261,2.517024598027421,7.780732554021922
versicolor,1.3297509098664528,3.359828018398339,3.1229661551376386,5.652895850202919
virginica,2.5127015524074876,5.66866001912843,3.301226445170901,6.556739559075163
setosa,0.38951943042536075,1.283685044170391,3.7047250919162984,4.746538880209372
setosa,0.5646591913874426,1.486639366703733,3.803486200383901,4.728322869848521
versicolor,1.862424416748468,3.6643848028088217,3.0298112738104255,5.427572606919719
versicolor,1.2152780684230218,4.873777164401025,2.145890569372647,7.020468065751438
setosa,0.4441030452824537,1.4916332969562958,3.3731954512568265,4.888702765310449
setosa,0.3641099366319783,1.1250563313956983,3.1232442505639426,5.366304074251352
setosa,0.4342780678850089,1.3826475174697679,3.3614293199245786,4.772383674323917
setosa,0.19188290597366145,1.5976269041989983,3.1475041632733074,4.695092438168075
versicolor,1.1692040203340166,4.626433702462027,2.8436084710444645,5.34683698027001
versicolor,1.1974152038855603,3.990969151972911,2.2686566653125104,6.359678532928412
setosa,0.20576113240833313,1.2991004932079684,3.6784646040011175,5.457654055416045
virginica,1.9352245824373489,5.113185734231196,2.8161618885414756,6.921374642654481
versicolor,1.4785642628515407,4.209608345065069,3.168822213801114,5.420718190896623
setosa,0.39381529825710704,1.1304844095925812,3.3337605925268825,5.175170941922728
setosa,0.3221810889979433,1.2626390108464456,3.249445178996364,5.294378111087754
versicolor,1.8107988555810657,4.31728327364309,2.9116221627439893,6.71056036525679
setosa,0.18712313738524342,1.2989830321608693,3.572719117515117,4.788363874906851
virginica,1.8374237656384391,6.454174860397267,3.1266280086543117,6.276543045578531
virginica,2.340721102389205,4.894844167549648,2.81683858192654,6.417178700291991
setosa,0.14992297564198673,1.546110853792551,3.666735884540511,5.239961537119862
versicolor,1.472788271273438,3.171739368621383,2.906820104224791,5.89523261909932
setosa,0.2722131397974742,1.7736825532567648,3.955680478080957,5.195850063346019
setosa,0.263947719515671,1.1791863750693121,3.4333049218209553,5.028130516591936
virginica,1.9218031494578902,5.512535391939792,3.3412355648585694,6.6362668381107905
versicolor,1.468327859508639,4.743109708734991,2.694552103866216,4.936531139311852
versicolor,1.79882336568768,4.591880731454127,1.8954534530755205,6.91860436762227
versicolor,0.9377621622874814,4.663460589076212,2.836338706525236,6.179030148976521
versicolor,1.402507598823365,4.641054453588377,2.3585143110186797,5.771739177186334
setosa,0.4246182269414126,1.5371224866372586,3.7521232529315256,4.585874886797742
setosa,0.37260949711015556,1.2261006253909774,3.886804107314859,5.131791244716054
setosa,0.36522441403421324,1.6133508242408912,4.165074649951514,4.914120618281528
versicolor,0.9618474084009134,2.7450843749326217,2.258257832288151,6.763626582665315
setosa,0.4664001547448394,1.2327483950239442,3.308778165352777,5.267696556152108
versicolor,1.4473030469991366,4.6376646896375,3.192406903862736,5.877884967469111
setosa,0.5605277399031795,1.480357717490326,3.217567759624469,4.757806543239633
virginica,1.8959636882257813,5.733821938326297,3.1717084922615246,6.166977061313922
virginica,2.2930073985384993,5.2019825106693975,2.663886791615457,6.4268592917245275
virginica,2.490628067203718,6.525177003877884,2.474793520547084,6.906639723862346
versicolor,1.310678041908863,4.117421136376375,2.7807493320324608,6.112735580705497
virginica,1.5305396035562397,5.360239965811986,3.355081412822186,6.4435478344358845
setosa,0.3787789964723075,1.4297404293279343,3.8478140213731926,4.723152359567902
virginica,2.1251177970032806,5.5729811236394085,2.7414052330425402,6.14792367121062
virginica,2.0454565892854317,7.177280245979377,2.939953049711636,6.52720628980852
virginica,2.1452943467508643,5.6960065238500075,2.749770829959458,6.002348035446355
versicolor,1.443078175585792,4.819808370985779,2.5781606279067195,5.85131735861723
virginica,1.7995499898967342,4.920101676706411,2.8826226335232077,8.723672120878676
virginica,2.0021464196317504,5.719958140753846,2.7732243852674636,6.648710986994917
virginica,1.9741450221547563,6.166896246810384,2.885596040961562,6.075630544790185
setosa,0.4679899857373673,1.243823057674733,3.164730273536261,5.569680482570344
virginica,2.4532687583056116,5.224616353803192,3.325932440251674,6.680523503751383
versicolor,1.2993223328356542,4.181553059939235,2.405637235854541,6.5299500619217214
setosa,0.34086969650387156,1.518914032451486,3.854554428329145,5.195215987247337
virginica,2.2129297491621402,5.644415535200024,2.5000032243397343,7.166583387216878
versicolor,1.4231908923406336,3.605663495158719,2.593345687034746,6.349301144064605
setosa,0.21609516725970382,1.776738517533536,3.359902265633732,4.314039303767838
setosa,0.4761468368381315,1.5959626033072238,3.406821918889719,5.7699801907590444
virginica,1.8645088155439709,5.183092140125402,3.4399233818926516,6.751773657129789
versicolor,1.2198126814226269,3.760338500963055,2.950772938302645,5.823353658697687
versicolor,1.170917206647802,4.383153702019635,3.01421002766034,6.142997141345446
setosa,0.4021584132763031,1.3247393131040441,3.3891979758943442,4.790443871994314
virginica,2.2629685363139487,6.084546818808677,2.9481155700952377,7.001242088318465
setosa,0.4910111270386702,1.3580694721268216,3.43752189961036,5.477285725036372
setosa,0.1519699102026937,1.624224420199857,3.6633972778029147,4.8877396468107595
setosa,0.34516914547393984,1.529057169598337,2.8378800557260995,5.577342219313213
virginica,1.8489702109781065,5.387326819859202,3.3658263043405126,5.791148266248273
versicolor,1.4629540620416615,4.429250506824305,2.6908963242937114,5.8081127277635805
versicolor,1.2647369743936925,4.110944755636439,2.550050597253002,6.0776593978120745
setosa,0.20254822520755225,1.7655302232000345,3.3995411528546704,4.946989315956822
versicolor,1.3006135152544143,4.377178589107629,2.8171111739194745,6.305311355510767
versicolor,1.2270839940535614,4.838933223193878,3.1350149009300523,6.284950927601362
versicolor,1.4497716559328677,4.212227527210576,2.9462051095947706,5.946980797251792
virginica,2.088395279982871,5.544138970371328,2.895342699636079,6.142984340829004
setosa,0.17849186254236668,1.458295340474757,3.462247686835873,4.861677740938539
virginica,1.9057953362743412,5.896648794055982,2.9850812614403424,6.463555229899523
versicolor,1.5392254920149524,4.1463079964571605,2.469869202086,6.1172972764937805
virginica,1.7097554229286338,4.956029326196752,3.2532508061871663,5.980360617783006
versicolor,1.3047195421632374,4.670262404741994,2.793486527053232,6.191689412654775
virginica,2.1703610411658563,5.540140437929244,2.5282520126390513,7.162899475964098
versicolor,1.2244726061048523,3.7086234639140807,1.9806882941967543,5.215770725809139
setosa,0.4724060340609443,1.2725759170943882,3.4110356073571317,4.734135117838488
versicolor,1.2348044006037981,3.897011774171686,2.413772311715755,6.131432160109286
virginica,1.8808203899519391,5.720596201542089,2.7621440833548054,6.624122525092993
setosa,0.11554281588266949,1.3882511203939711,3.5518190938615533,5.11030814118608
virginica,1.8258459834441405,5.543117064968899,3.213605423851257,6.863186634791415
setosa,0.20865375581530918,1.4567075044312947,3.6302002539754277,5.722572257056343
setosa,0.31307307203987256,1.50347071753145,3.9093169866995794,4.67318263442346
setosa,0.3213510662292741,1.4522199502644488,3.6069084506747053,5.080686605505646
setosa,0.288227050388034,1.4031502896438335,3.5366144249440836,4.697250461257703
versicolor,1.373303761537108,4.188334391442746,1.9559246631224383,5.020591159340976
virginica,2.0587523476895937,5.329438409508844,2.813594844334281,6.820165651494005
setosa,0.18820486643657133,1.5981196790195575,3.267466619761212,4.632276521221899
setosa,0.11300475486695791,1.6560389591049294,3.0873733214983616,4.948653210315403
versicolor,1.0539906547498261,3.8473425542819815,2.8853224760419796,5.586012485882928
versicolor,1.559970776248755,4.4710964301905305,2.8702401208822224,6.3469962876038295
versicolor,1.5098837383427495,3.797568197143939,2.8499406463782497,5.827045529418917
versicolor,1.2771946417261566,4.072570846333669,2.439715086039472,5.847910715592412
virginica,1.906388638554299,7.103770924745277,2.6283213441473348,7.174845111818536
versicolor,1.3107860582173014,4.561053278279994,2.265303700956627,5.98777203933595
setosa,0.12478715494079909,1.7480273193625022,3.122357235829245,5.199794392620411
setosa,0.28343658586615794,1.4954902567396893,3.242301642729597,5.456326145329114
virginica,2.510518717252192,5.333410118929577,2.6841987015630986,6.199623312263215
virginica,2.3187118547128582,4.549350467315113,3.5655817782783146,6.260369222941851
virginica,1.9660604695944714,6.274103184644916,2.6095826729201104,5.82250679315937
virginica,1.866296212665917,5.0589772219533415,2.827014064505183,6.807813870788916
setosa,0.2880251055483112,1.5252842397774358,3.9307325160435234,5.2433684613463765
virginica,2.235105200463776,6.30793836562947,2.7695586044928135,7.232114217759779
setosa,0.261019460032485,1.6005724897575302,4.144464991265696,5.063216761112399
virginica,2.5331887515889457,5.7597325981926355,3.1716419104512297,6.099173478106604
virginica,2.0118333495621865,6.891237308058056,3.795687439101077,6.926907034486655
versicolor,1.3272808799642781,4.1242157456804005,2.8724300728118877,5.562320882551718
virginica,1.8809056419291066,5.379537343457969,3.127482143774473,6.443977889155983
versicolor,1.0290030737696063,4.725291387301096,2.5488641786506805,5.507262991316847
virginica,2.179010813487854,4.622490336578403,3.1488925907109047,6.391217735193084
virginica,1.68354142319889,6.451236711900172,2.283735899803961,6.846194463585913
versicolor,1.379595792969109,3.8585335572858335,3.0119629443166183,6.202827825363119
virginica,1.9536945706954265,5.091216911233293,2.808314073218185,6.697604468509992
virginica,1.9430118420983957,5.293199268132523,3.0630106903605787,6.342259437773352
versicolor,1.2989314266518683,4.356503711428111,3.1079575120889125,5.029033570416529
setosa,0.23561511116292969,1.264560184325863,3.0753576814020036,5.420588688681413
versicolor,1.5632671367129636,4.550215221208154,2.345787425107069,6.2783248306287796
virginica,2.4763337991875796,6.706771189034594,2.463200262388966,5.750007701420655
virginica,2.0279835304254243,5.972324732069343,3.2031037715132316,5.909756627981347
versicolor,1.4803517413459626,4.394540326777995,3.054956083667288,5.466526279131524
setosa,0.20009694975574124,1.4936775327298473,3.6767289021454914,4.956194156468288
setosa,0.4957201168947565,1.4927068091121094,4.092549532170807,4.939572511582895
setosa,0.46011118723284394,1.4974310361668888,3.501163349581841,4.984730268008958
versicolor,1.0665189857918593,5.114284361428812,2.655917231441234,5.904970626826126
setosa,0.20468582741206806,1.6816502632495158,3.2115985223475576,4.7969389378611815
setosa,0.29532273515243135,1.9379933149383106,3.218919228594377,4.423038930706747
versicolor,1.5246997245490952,3.665652819777921,2.5775758145715937,6.127757629673012
virginica,1.8917963341697757,4.819995163754019,3.612590828915077,6.300820490279749
setosa,0.35336080264553604,1.4213119146605875,3.4826588770353197,5.115837682962023
virginica,2.2477907026168396,4.8878257584771685,2.870272789925537,6.598375267571708
setosa,0.5601619225810156,1.5698429882505636,3.411071193646798,4.394752606139187
virginica,1.2938659374683104,5.348933450787904,2.9357591570355015,6.0065287031914
versicolor,1.0826182226722103,4.672347693172576,2.966649643444888,5.541689977603976
virginica,1.9850156312156582,6.739812977130436,3.0775479535854893,5.6259133811177815
setosa,0.1594653381870866,1.3961484981787873,3.875344215997199,4.845275416570927
versicolor,1.540304168741565,4.057704627009889,2.7534919032180785,6.038026930287775
setosa,0.3641457091036323,1.7361223489387427,3.2713496844881327,4.591239508996103
setosa,0.4253853463166519,1.4548050364329361,3.2179565756243242,4.928130315858553
virginica,1.9670102869047597,4.984108128974235,3.120769833943718,7.239284694024086
setosa,0.23861303798387937,1.705066151384611,3.590833634122273,5.163222531277928
versicolor,1.3794160610144206,4.052439372389742,2.4198763548551394,5.294193683385891
versicolor,1.3326775610327812,4.138790269109757,2.7354196628576615,5.791813906684092
virginica,1.8304225424953957,4.697856716756139,3.0627464639227377,7.654678605104321
setosa,0.5940746435477486,1.4927942913215428,4.384156792599381,5.425624332395908
versicolor,0.9571982910017507,4.517542616519883,2.7701652900726366,4.845247530556117
virginica,2.2895996279099835,5.077953594365363,3.055659293957801,6.210726947106108
setosa,0.2734495357876978,1.512368959827401,4.090052916654081,5.100499235437741
setosa,0.5365419911424845,1.3299679261435804,3.662900021153682,5.77068315010955
versicolor,1.3095174375764342,4.5099130449508795,2.8381654967413237,5.741148071439174
setosa,0.5214616068431515,1.664378117804997,3.775184729437985,5.165495223853871
versicolor,1.465034477157169,3.7354354065299997,2.136038088580574,6.116570473886594
virginica,2.141383759852557,6.003880839872226,2.922976711148317,6.938890262812068
versicolor,1.1866079593346859,4.326381876269392,3.2600251656923067,6.102339050503295
versicolor,1.3910687716158685,4.468985855051663,2.62139628481186,5.732322257802715
setosa,0.403584311583127,1.6622945536737834,3.1902333057408363,4.789533006753034
virginica,1.9877833730249295,5.123013496820444,2.7539788312882543,6.502048092131258
versicolor,1.1852628667872338,5.112255052827404,2.767382633336638,7.639594470076925
versicolor,1.1986835651149723,4.519726232103461,2.133748113636092,6.5140516930411065
virginica,2.1613699806426867,5.492768173511841,3.357908192530822,6.415842974654453
versicolor,1.579708478046339,4.432954625614357,2.4517261397915373,7.426586339179267
versicolor,1.623655739675058,4.678464281509845,2.487715671593365,5.470699140916013
setosa,0.4885004335079164,1.7113043303920428,2.789753250415366,5.596977402793055
virginica,1.7559594650056845,5.418294613001117,2.8623021799442987,6.221908056579606
versicolor,1.5206692915661795,4.340435097674147,3.0860232809614825,5.888865589585602
setosa,0.3510483418911191,1.4588903151447585,3.9734358331911857,6.051964101471393
versicolor,1.2378708078770286,4.2602376323186455,2.2811979304467074,6.110726751553115
setosa,0.4243174354610454,1.3143485755071587,4.145607364475204,5.468838035244422
versicolor,1.208418264763044,4.5009492010563745,3.2030615245642116,6.2881091018195345
virginica,2.2751027280079716,5.267198871231169,3.075227989520822,6.366352221826423
versicolor,1.3191901753199016,4.859443109594527,2.5525079822754333,6.317056025869752
versicolor,1.6289968602581042,4.98067236773159,2.6426667862356608,5.656678560662844
virginica,2.319707726423667,5.012304933906039,3.1589530666185257,6.86942682261194
versicolor,1.416347094267483,4.676896136716966,2.906408225097209,6.193652072140405
virginica,2.0668288741802945,6.553799743602136,3.437231442222096,7.6263031689417655
virginica,1.7417737308380676,5.343606936700909,3.0779930397756172,6.585712463344185
virginica,1.9963258084620392,5.182897236458367,2.8859366803758073,7.042208296885699
setosa,0.4480985889782708,1.3724980075062136,3.580334154279303,5.264608060164076
setosa,0.532131855582484,1.469082970264929,3.081695704476193,5.156507842592597
setosa,0.5239142344662308,1.6730337905159534,3.5836065511514406,5.117099581756787
versicolor,1.4700382782800903,4.79099474124257,2.491492548859971,6.015395326976983
setosa,0.43019907783266764,1.6127364214892195,2.714278854303412,5.588975073644965
setosa,0.2823856389574756,1.1121869909632616,3.1296955803497433,5.018380164344116
versicolor,1.4121843418153115,4.2869938664445915,2.7088889338685993,6.832198111282307
virginica,1.6699658402046866,5.405252366294409,3.2492458569682534,6.6181607094556
setosa,0.5649207106927598,1.2806237018338775,3.3207651207184874,4.701612159313163
versicolor,1.3936040433707981,4.718411809308682,2.2021895011616217,5.566156800465579
versicolor,0.9754754913621518,4.266359373637197,2.972773316683659,5.477219346713119
virginica,1.968147245134844,4.871677252398068,3.34626266989933,6.1935882989945945
versicolor,1.388352425155657,4.212414076380626,2.7477571808159995,5.628291462173451
versicolor,1.4305642783736432,4.4901629440988415,2.607778967297607,6.407704268432792
versicolor,1.2664069183690718,4.7680192767115095,2.8780143929306825,5.362987184959418
virginica,2.1479535551424744,5.288692668544405,3.161985631333633,6.7253461572210185
versicolor,1.23656700620994,4.546912099784781,3.095237876434158,6.573813715923117
virginica,1.8434876756228942,5.807814589276803,2.935571630945394,8.13315754309183
virginica,2.025625854578225,5.344713471836123,3.228062490378976,6.552261636004568
virginica,2.41806318297487,6.037007336266278,3.500888294616835,6.048031074360495
setosa,0.133446793221394,1.4553830611210192,3.8876561758019044,5.1433848185094755
virginica,2.046829120852256,4.928581879541344,2.918250047351948,5.615354413234151
virginica,1.8566877653772114,6.107396596285828,3.088767832625448,6.56483381729762
setosa,0.25227083198065847,1.4421828589274708,3.67286552637686,5.10394951291976
virginica,2.013248305148994,5.9467181773069555,2.864918379678656,6.846175978329052
virginica,2.0322959149778317,5.237161542914578,3.5718485016696806,6.337539457645574
virginica,1.840806591277632,5.570485203046989,3.3805202518974493,6.5157750929294345
virginica,1.8972918406180286,5.220200048960058,2.7114996238870632,5.799823819783194
setosa,0.3890612008425185,1.4344838464065917,4.386315464213993,4.710676049623822
setosa,0.46338325515352696,1.3666611243137674,3.528533156321025,5.453261927197935
versicolor,1.420539333699792,4.827650786083584,2.706452059797206,5.698305224280107
virginica,2.1444960730682583,4.889054662915985,3.1492612688757897,6.601575300065667
setosa,0.273691413382924,1.035002312122689,3.298522479809396,4.650375172014344
virginica,2.678813303502734,5.815430735969768,2.705666359706397,6.065807013630991
virginica,1.7298846036355107,5.444290747607757,2.2414843885558784,6.941718247719992
setosa,0.2832383935576095,1.4284092392213243,3.518191838896847,5.058975129852134
versicolor,1.3549311571111822,4.868778729027042,3.1018809568700263,5.492482975560531
virginica,2.472916247999362,5.000639981766979,3.18326868375961,6.453587869314209
virginica,2.373549857184871,4.955201691302372,3.0028288921544566,6.467325801030034
virginica,1.715549399815652,5.834824393879961,2.5369345749771295,6.491599614809301
setosa,0.5802352350656282,1.3927085857998858,3.681761897149471,4.2310102115128325
versicolor,1.3490167374464368,4.896046638627125,2.429988408989393,5.167008504605668
setosa,0.4530957930706643,1.3417394817307922,2.7889360974897386,5.465858168102597
setosa,0.5279089537471835,1.1875331173037647,3.684912124955712,4.708201922031828
setosa,0.40853818004507936,1.5453083684117574,3.042981587430006,4.472510195333901
setosa,0.12237091434593009,1.4604873038677026,3.396955032074242,4.806231261342784
versicolor,1.3441123436832718,3.8257991092514114,2.8340917604732123,6.478731797153061
versicolor,1.4802748747841763,4.582582238449152,2.4054869543504127,6.218216919155607
versicolor,1.2855028035186666,4.758495815369816,2.9402001384662477,6.08820132878991
versicolor,1.3494797868077228,4.366075701538495,2.635631158785759,6.648980140289054
virginica,2.2056677559249147,5.0327091232958905,2.879110078857117,6.180334050567582
virginica,2.009001879826716,4.958950485363073,3.20710828843252,7.202311237164018
versicolor,1.1376574083572701,4.184468196231977,2.8605284030733458,5.433552524050221
virginica,2.030659154450098,5.230331317599802,2.8491056795627148,6.7788578626858005
setosa,0.42935512651315144,1.5847299520592362,3.4167205787434085,4.909147568697978
virginica,1.5153731641620496,5.62191518705823,3.0890437881138215,6.5556218775784565
versicolor,1.2682096833089795,4.313115978962168,2.5421787120117716,6.3165936381848535
versicolor,1.2042382977461064,4.734812998438432,2.6435850539905266,4.699355740287127
virginica,1.3983999062176125,6.791943992509488,3.376049103989061,7.55230641088964
versicolor,1.1439120341938112,4.723855384921912,3.2308172934291086,6.3106993210776
virginica,2.049308518644038,5.734913396742911,2.9917818864298824,6.18770869031855
versicolor,1.3089356442802382,4.582784758692548,2.35024481434165,5.735638570514782
versicolor,1.0949593113836305,3.998578162657366,2.609363343130861,6.448321593781624
virginica,2.201575164223163,5.0985028976853926,2.528102262477113,6.499235239715672
virginica,1.9717508194320352,6.005185109053274,3.0770260455996237,6.401721874017669
setosa,0.4672019616604418,1.632163330557324,3.0703262708441486,4.574338871230488
versicolor,1.5135802620347079,4.307193523873255,3.0236134906285983,6.2898759090607035
versicolor,1.2520936577238462,4.9135104454257785,2.593421523904587,5.539487679273766
virginica,2.0675623558751814,5.67925016108853,3.074309994416402,8.119127756427872
virginica,1.3442008892452622,5.212626083848852,3.1780627640737524,6.19211311590777
virginica,2.492515596586488,5.235115771056219,2.476214976589485,6.195665650525724
setosa,0.5024929854612851,1.5146886040358147,4.075570501544817,4.734382396473107
virginica,2.039061381427877,5.808336201066638,3.3629733702550264,6.061576817184871
virginica,1.9433125858355478,5.804417765757055,2.9731096509447834,6.1635835674640465
virginica,2.3167401444444007,5.460745371011198,2.4705194060520608,6.657962318227103
versicolor,1.4559289882863218,4.645960470669278,2.8218512151251627,6.727679916884049
versicolor,1.068120906324603,4.4360437209639185,2.698896025911736,5.7734375114887655
virginica,2.1885727066096408,5.231677764835926,2.551794706785244,6.282989399163283
versicolor,1.3168928708793775,4.600631226274061,2.213010866579964,6.438691485594254
versicolor,1.481778359706666,4.256214984239508,2.9178523522966806,5.3495732271099055
setosa,0.5800811825662555,1.6954197957987498,3.6792613387375184,5.344607380909994
versicolor,1.3313264435875987,4.404038651320986,2.8574961127577794,6.566629273588123
versicolor,1.3978229815797947,3.865332461653572,2.8952658897468697,5.267820516490024
versicolor,1.3290777554932545,4.793720866706429,2.5832860995277094,5.916992886587767
virginica,2.1139473435851137,4.711987319072412,2.4673889659978894,6.1934763120281335
setosa,0.2681099444627689,1.343143231829135,4.095576940683404,5.227101637120555
virginica,1.7507655113308083,6.556843341830923,2.5941089655380964,6.073664746620027
virginica,2.398730823575571,4.5763533117494495,3.109150277539534,6.7818970304863715
virginica,2.2492037644803604,6.1047312848486275,2.8058431423340178,6.760064225287016
virginica,1.7910524396067293,5.399363971903378,2.9868906816319014,6.954374835765428
setosa,0.34129566170022096,1.72730288312711,3.6594681673856257,4.8976362170395475
versicolor,1.1161766258698802,4.544631697338978,3.19326223049635,5.760018960235086
virginica,1.7749855715572833,5.396401073495472,2.9517058377305903,6.347369057698417
virginica,2.0841786176714967,6.306444542093369,2.7844903802716723,6.136510884548338
versicolor,1.3166239508031612,4.772729848737356,2.8771298229087767,6.9787054592986175
versicolor,0.883675095478931,4.069313356542855,2.2797644332887357,5.239406779573591
versicolor,1.3870651830189125,4.086040187560945,2.408477945512999,5.899353084006838
setosa,0.40460539004228,1.2594179298620394,3.2587548666421746,4.96455924697711
setosa,0.346652953020552,1.4442367995637255,3.5502368812913367,4.573830322158728
setosa,0.34646364165365806,1.5020153056676557,3.5734288228671147,5.048032912345501
versicolor,1.5252819239736184,4.10265135453838,2.515043434841372,5.092885557558008
setosa,0.1865202129191285,1.3037603050789732,3.7726988405954742,4.838162285637456
virginica,2.0932616753015676,5.003866980740668,3.175338865125752,7.009310919464287
virginica,1.6461996036885784,6.111223506646176,2.6695043565470566,6.51868096302241
versicolor,1.2142682724187266,3.812633385561048,2.9105978056683637,7.149510053783575
virginica,1.9969214947087277,6.072679436111486,3.1306665665549627,7.2184144706475575
setosa,0.5185034103765361,1.7462809323372195,3.0762279458381308,4.796018280072887
virginica,2.2381297275623773,5.258786403698941,2.9686287717881283,6.1429526139007855
setosa,0.35498893269185083,1.635709154716551,3.7309591108955473,5.163412866758129
virginica,1.9414134272655037,5.240816084506408,2.826778471874139,7.508281754333911
virginica,2.193238335143879,5.338981641934803,3.048019777518094,6.591405747573351
setosa,0.31156184635303863,1.372259184675868,3.0386362689223674,5.61420131326786
virginica,2.1326416336540444,5.304097436340914,2.700028008549797,6.505746905669779
virginica,2.018749243666038,5.909567714884572,3.210625811833709,7.265304582679299
virginica,1.7682737308555856,5.450499300631735,2.9472923581677146,6.578000582211136
virginica,2.19754311149528,5.352304269019482,2.873619940264566,7.696444127131514
virginica,2.1453573773046433,6.071179168074235,3.2882400144969144,6.7286342761596
setosa,0.23320127492353174,1.5875132216794379,2.6190976797875827,5.257875977068473
virginica,1.912347712188562,5.985679542281337,2.6933214885169456,6.352245537902345
virginica,2.245063362195811,4.978288108975103,2.3929975507253185,7.861233903116254
virginica,1.94900004535749,4.469348603078995,3.1637495324334712,6.657072497109363
versicolor,1.672396680494022,4.125681458006774,2.9365122545280897,6.118280921828213
virginica,2.220955002986096,5.7143978617601,3.247678731164267,7.016694469845074
versicolor,1.6303275927082927,4.40330917006305,3.198187397907333,5.627315328104424
versicolor,1.8070428657030462,4.357897354640288,3.1815761327034835,5.926730072397857
setosa,0.5508110473060773,1.1789894716742544,3.6285908533574514,5.030085554919261
setosa,0.425383989955469,1.1802146842966788,3.8223955350677876,5.319160666742091
versicolor,1.266913568641586,3.844877329598195,3.111269056242702,5.936986959550251
setosa,0.3333851670535447,1.772619024078713,3.9516150872321028,4.378220263789792
setosa,0.5721404730348814,1.4330054872787183,3.489245836018089,5.346791811762167
virginica,2.280780174267992,5.233219817237804,3.0416009613683115,8.130610535340246
versicolor,1.6289228623591279,3.791114535905728,2.6622617640452364,6.099380501505837
virginica,2.0277885856076523,5.902293513089541,3.766588509538162,6.127719378261904
virginica,1.9780158871755473,4.850171549612004,3.501602873682565,5.5498321826115635
setosa,0.4345759550572841,1.3564485684611296,4.024062111227018,4.59236182101751
versicolor,1.704013753223345,3.3943201569792,3.032320536218575,5.913619380199881
setosa,0.23448134041685234,1.3918123363111694,3.5455613761112623,5.064181910812561
setosa,0.5286553698359017,1.7368510163495525,2.361583938493915,4.697616159310012
versicolor,1.3532580357383674,4.144950355851215,2.679323939756283,5.690300028624834
virginica,2.3650029299630297,5.712627709572927,3.0251509529832243,6.5158843123001
setosa,0.49315340655624995,1.657545308285778,2.749180290919707,4.904143880365362
virginica,2.349537803240147,5.081255784128628,2.647025947790969,6.844779468038475
versicolor,1.1895452031212645,3.9165438094824623,2.4691580462635754,6.643025089362671
setosa,0.11736702195647844,1.5163528896760967,3.6507106575629393,5.266724498484288
versicolor,1.2438743458648511,4.154235726152851,2.984592109616165,7.031395439383002
versicolor,1.4597750461916852,4.648209274550929,2.4463323270131587,6.877422369120336
versicolor,1.2548617259127528,4.374027745896238,2.6029334526159005,5.664813742109455
setosa,0.4159666312354372,1.2849886292196926,3.802897694164379,4.753365618462562
virginica,2.093390287066251,5.152319367156741,3.3469088296519187,7.243696246047195
versicolor,1.434273667730374,4.933710738347141,2.536731173479698,5.639372765883046
virginica,2.022344245627556,4.612045400599722,2.64413484223405,6.667001186125466
setosa,0.4002692635180253,1.376598947464727,3.4122608698872128,5.24948926068641
setosa,0.2417486902548718,1.6193898083557512,2.934077349300889,5.25655108634054
setosa,0.1042517625223813,1.4060376506226113,4.169927400466776,5.357269847540676
versicolor,1.5996204699562435,4.013683045178489,2.9461815276450407,6.239663703686214
setosa,0.3266908560526266,1.0702832699491482,3.3498584226349877,5.082720133860688
setosa,0.12766438800216465,1.3377043528563513,3.0173825845995133,4.821078566581415
virginica,2.017087682885122,5.282579378938692,3.28763754130511,6.490331000855289
virginica,1.9048202717271998,6.173226236348307,2.7005633679633254,6.469216092912337
virginica,2.072350170381168,6.279246737150722,2.9448728416643064,6.496680415470889
setosa,0.5244866231640424,1.546561258724788,3.356098876740546,5.865798722068146
virginica,2.0627742894884697,5.727551695489469,2.7723708654311547,6.882336015847361
virginica,2.4257238926105957,5.205306703945533,3.232281930600171,8.269769319714298
versicolor,1.4211330620709137,4.87795011808551,2.5234711290729273,5.8660999938590965
versicolor,0.8755748262779549,4.70248126674363,3.23586199839042,6.081609519793572
versicolor,1.427195242266283,4.541727460757502,2.934190105846282,6.24337594085702
setosa,0.23646913149526802,1.6623415680374842,3.1053609622453493,4.93752938474535
virginica,1.7655741371958822,5.108470647689159,2.4558456663099006,6.3008020545169465
versicolor,1.4033093687739062,4.873770766449408,2.941302374271609,5.798011618321654
versicolor,1.2809678205173505,3.2138567421698117,2.50861835017583,5.767653883613658
virginica,2.3122564146133566,5.265460168171439,2.599596748267241,6.237215608101637
setosa,0.4999810480024295,1.752695549731369,4.496294221217408,4.775193688779539
setosa,0.4882323096764497,1.702325133861181,4.035412527295755,5.017824422871151
virginica,2.2765125504977357,4.690078668118334,3.4671818742489564,6.18232281148121
versicolor,1.1848541657764624,4.584527040530052,2.9946424369532636,5.4612477773102865
setosa,0.35195638745979607,1.6463838185218247,3.4876040932536085,4.597342537503361
versicolor,1.1925456433260242,4.334783027394305,3.045013759617423,6.040511002341698
setosa,0.22488554849477874,1.3041714777235325,2.801005415472229,4.954908819832738
setosa,0.4302982472790994,1.2692550125522422,3.3757915463463704,5.462791518423909
virginica,1.555060336490257,4.942278029011997,3.3456473528047823,6.130043628335647
virginica,1.8275700450022567,4.912908186035947,3.334759791147155,7.527246914341806
versicolor,1.460029879735864,4.346689239093527,3.2115843058367166,5.602482684529299
versicolor,1.4290996918448777,4.543120892510652,3.0566136052602233,6.495504112942979
virginica,1.9585754994648088,4.8869482036887595,3.2613123255159513,6.538147149694428
versicolor,1.0945515250403983,4.5616337059277505,2.472250949181083,6.967367003665438
virginica,2.157326522673963,4.86607452413266,3.309675166231429,6.771368038497982
versicolor,1.2954789777736029,4.83891244023147,2.7476829167395005,5.955481276275555
setosa,0.1670978855470566,1.3858301467075749,3.3256546761309593,5.175055134875904
setosa,0.10850346374216421,1.6549534087668816,2.9457492595921586,5.3791483135342215
virginica,2.1698617991196647,6.7339593894215195,3.058550713186111,6.993084569526561
versicolor,1.2302891824744262,4.432081154561745,2.828011301028183,5.500201699598582
versicolor,1.3093974509853945,4.640222449718689,3.2606367445949425,5.7409757303263165
setosa,0.11502844414380739,1.4760789998642063,3.907909606664056,5.348725648289311
setosa,0.10320075251472652,1.4890239564803096,3.8696120244351846,5.592800693474985
versicolor,1.2154746604978166,4.53728048050176,2.9820641210433534,5.261013010885423
virginica,2.1641646234016916,4.547786371690362,3.4028728910609916,6.193383972771544
versicolor,1.2903082760964313,3.65876236019325,2.551694740501981,6.3074265478869025
setosa,0.12152947187121424,1.3854181256332114,3.5504904063005256,4.911465930190672
virginica,1.683119266581012,5.0950762527606175,3.0231375852369635,6.004488114178086
virginica,1.7977961894450925,5.925439191018893,2.772355584071393,6.015751700363939
versicolor,1.4600068229540424,4.633855193473042,2.3707952979891065,5.685259093785939
versicolor,1.4673611900333297,3.736733421257421,2.4442110162948136,5.549258668636958
versicolor,1.188081839938025,4.886529447729966,2.8314649384772297,5.821998809660664
setosa,0.5613510161730598,1.2671591981467278,3.687606734084657,4.887643690120511
setosa,0.5021986418686497,1.3915327977423617,3.186411172353761,5.50919457780914
virginica,2.5297130742194254,4.607072868350108,3.1821249226101918,5.776634306408445
versicolor,1.8354568588481923,4.0354248852690064,3.403949710268239,6.061659358088866
versicolor,1.5355606999626812,4.481326782554418,2.9003680948563346,5.137155569129955
setosa,0.3338260000506704,1.4795876452343975,3.6006196906055763,4.272160872015582
setosa,0.11056052671293828,1.4404947500987624,3.2929643314760746,4.326706352063068
virginica,2.063176535938246,5.540236260227916,3.082971910603585,6.864301656224473
setosa,0.4915720417389954,1.62030201125068,3.773600003444585,5.403973010716583
virginica,2.3296497658676945,6.0382179506142215,3.103871215982085,6.88461222463291
setosa,0.1807782468698436,1.4360307956359928,3.9056660664536906,5.106483898770778
setosa,0.25659500391063206,1.4161153410760234,3.250928311293169,4.9683279786605405
setosa,0.5268874629552794,1.6445078179744304,2.6978779037550566,4.733152755064299
versicolor,1.3869062436721258,4.628285499910852,3.1237226432228544,6.190315787321702
versicolor,1.3561390663523702,3.8789182664054542,2.196918666723712,6.097851262938146
setosa,0.5175993052121778,1.3141997444470772,4.239965708056726,5.544892291119565
versicolor,1.408123024875911,4.523757582728972,3.175378892936498,5.49464860424415
versicolor,1.586315173951325,4.187101293583556,2.4492169620576303,6.455581073869044
virginica,1.8283758696389238,5.223756529117488,2.368720627472356,6.912649040720739
versicolor,1.2394134218526731,3.8674939110717164,2.939796573891029,5.81614545253944
virginica,1.8237917898807794,5.522025530909237,3.0625419121230575,7.060921938727043
setosa,0.45623976788546594,1.0449129830663884,3.187084178552052,5.102468235209487
versicolor,1.0477499517615323,4.555425356563616,3.1871367891824542,7.000715844362079
versicolor,1.0225696793864758,3.5598612375036973,2.9245170671589795,5.759923953830375
virginica,2.3211407270841953,5.794210475098233,2.8395814184821604,6.157021066404965
setosa,0.38136423178662904,1.2769845479582518,3.8070758219044976,5.319200136001729
virginica,1.8241341848147385,5.444658065398826,2.7262946078218113,6.493127036297183
setosa,0.15591373157518654,1.5023480026992697,3.5007013514294982,4.711470878940073
setosa,0.2650791798659454,1.5046148242054747,3.1491955608593933,5.191201414865627
virginica,1.87324920136931,5.668661122441255,2.8062711334398163,5.228418330267036
virginica,2.557553549342039,5.403468720555043,3.2533549977807397,7.683031411619639
virginica,1.7306715777035828,5.800368491718263,3.0848997524503803,8.001490197883433
virginica,1.6912892589692028,4.674378100808026,2.8834190348012707,7.2696502336360584
virginica,2.4130056021815296,4.512127813235575,3.1587510808093673,6.251720836629987
versicolor,1.3791191158266678,4.804150982377431,3.1364575977294544,6.1517288035929525
setosa,0.3309084439436695,1.3941057373883328,3.1088864843267743,5.154414914077623
setosa,0.3382409454360499,1.658930077616688,2.73562863565839,4.822823208044985
setosa,0.28367362479062297,1.3492319422616506,3.7674131573626646,4.480556374494314
virginica,1.9533506611137703,5.441614118382603,2.79070778699477,6.6900584496545985
versicolor,1.2901286783233163,4.456775135530011,2.735713650797346,6.124608995184173
versicolor,1.2000128385203737,4.240702259452607,2.5803012565652534,4.898565144775514
virginica,2.0950721480018233,7.042676099149574,2.764716501958356,6.119873238140682
setosa,0.41554678198504325,1.6300647017999417,3.8929245871528657,5.149925398376592
versicolor,1.5905062685051985,4.5662331247216095,2.781416803639299,6.250393975483115
setosa,0.5873253493047701,1.7072640772556733,2.9161136061598825,5.2246135895822
versicolor,1.3027616264465018,4.27003260862263,2.829690420802234,5.593779025569296
versicolor,1.5181734213675742,4.1985100653018135,3.097829205891239,6.483303540808156
virginica,2.526235550202675,5.571938398024251,2.8822628691596837,6.544130105057198
virginica,2.349004016967146,5.8232391337618505,3.3470941307147277,6.149437931175006
setosa,0.5593116624547311,1.2800218933316665,3.6501410515152912,4.91158585026361
virginica,2.136749212684995,5.077761361589854,2.7087775736155577,6.18951448048367
setosa,0.23660636980341523,1.1908432345644973,4.087546392946617,4.776162594310635
setosa,0.4783534117746725,1.3185920077539794,3.9073800961203915,4.955212504702551
virginica,1.812530677218553,6.114029629297232,3.086500993245449,6.6413996458184155
versicolor,1.3726642623431358,4.819104228839677,3.0970758792601343,6.583915453873229
versicolor,1.3197899042566599,4.389457449984647,2.4744114548361784,6.015164455583174
virginica,2.1580847199132087,5.208295686156644,3.1859946168271027,5.838011369887436
virginica,1.8220440509796045,5.764090495942032,2.3405879905495963,6.180213592999634
setosa,0.26446249392153987,1.5197311916017804,3.5324896970865893,5.179384120578691
setosa,0.31948486899328055,2.031421421503688,3.3498119553456043,4.698436825789084
versicolor,1.2310524868619985,4.759222259867805,2.76423847717501,5.80597817087058
versicolor,1.5055949538822244,5.04522991395692,2.5973879968328974,5.708931188975987
setosa,0.5854075140349005,1.396788446565119,3.5971730584094637,5.1024759015729995
virginica,2.520275109561962,5.5041149045837265,2.574828483959918,6.757417811497627
versicolor,1.3430532544970686,4.405076487842338,2.7763575014595814,6.500934796728397
versicolor,1.3599819246017673,4.519855937649136,2.664968954177219,6.431073927762816
versicolor,0.9916294776939308,4.212937880794817,3.0235567755961528,5.880915913680729
versicolor,1.4271914136038102,4.310943780827797,2.9615047952702467,5.640422097925141
virginica,2.276672833424196,5.905056585192789,3.308433752228391,5.92652841460135
versicolor,1.2914638154280866,4.924793643658113,2.670354744965122,5.443988099386724
virginica,2.0879537138933646,5.77130533414111,2.8220976445955404,5.984823618991161
setosa,0.5594580093925557,1.2653694649313554,4.266430488153119,5.020950287092234
versicolor,1.4703229907867472,4.62176692289361,3.2931075959587135,6.3247483116725105
setosa,0.1907237428756434,1.7413701772509231,3.117433047327843,5.212575140366571
setosa,0.5597379137400367,1.3015665236076353,3.6778152559856174,5.429638382440693
versicolor,1.3261567189687367,3.7604218925066784,2.295106613581397,5.853718728630129
versicolor,1.264424866874372,4.975774759671015,3.1171864706180124,6.603214785589725
versicolor,1.5807561226822338,4.236173439566944,3.1454431397065754,5.710321831398131
virginica,1.9206041127010742,5.729998766417824,2.280023206697124,6.186669038487057
versicolor,1.2348299101345785,3.91118297780977,2.750009054905442,6.908346126633684
virginica,1.708327831778722,4.717863515026242,2.7385683828681335,5.90582832009331
virginica,2.385077209707733,5.660710789345448,2.798709996039816,6.423928238816792
setosa,0.18641285743893168,1.4048885021367323,3.1791529567954626,5.237424331092161
virginica,1.9838233098330509,4.986927203946342,3.3876747973133825,5.928334695193582
virginica,1.8612310782953232,5.491203515693778,2.7887448246590556,5.707194663803708
virginica,1.9273898000800918,4.674373098721315,3.008646496966307,7.0787087594102935
virginica,2.235051455821332,6.245956990042694,3.1631107023816423,6.79148504763808
setosa,0.5773571166255116,1.3016724845534942,2.998524435913577,4.7986280091598355
virginica,1.6391128192318796,6.106413876053289,2.882837634117449,6.067802462578957
setosa,0.4122322699108699,1.5327719701254319,3.017737377919442,4.911853058046246
virginica,2.201495017591178,6.542641272270545,3.097105800377305,5.6897310273557
virginica,1.811390254281675,4.665982646629156,3.195393486859586,6.865580093767461
setosa,0.542321527979603,1.3769542195799294,3.6557803323270015,4.496201297200721
virginica,2.462051000789888,5.5545202036403865,3.2917829032491026,6.489376776900956
setosa,0.17004430661311462,1.4595109753264013,3.348967924833264,4.852498507538786
virginica,2.2799802906726816,5.888734042070005,2.9994753488450434,6.689018091441481
setosa,0.4364974450937401,1.2530396214120447,4.202534680576882,4.9732878586562945
virginica,1.9420563036412126,6.1085477896436595,2.4954954738726087,6.546375383505751
virginica,1.6073848349332192,5.6506871994406636,3.333587613693674,6.5936502992005686
virginica,2.1062597794011406,5.018455469308192,2.866737771775518,6.154521163279192
virginica,2.1620096723508464,6.26326181151002,2.668652363425803,5.9713327356040296
setosa,0.4900847205926214,1.4518495235439572,3.150034241774435,4.340919578474594
setosa,0.16006653705252824,1.352597001667586,3.5476396897789897,5.245686821587471
setosa,0.14067783175778434,1.2758696648337802,4.063939306947436,5.192802220845538
setosa,0.44955929806405015,1.2354684341519722,3.575499273183013,5.087751872227831
versicolor,1.4503043839210858,3.9340309963453013,2.5042133730289815,5.8035824451814095
setosa,0.36429016294149896,1.2739949227895804,3.7364018878727876,5.350146879309182
virginica,1.6699285642966943,5.653458658263365,2.803360923983961,6.231814189989789
setosa,0.5295578398771942,1.4393129434699707,2.547859190791854,5.001280508526759
versicolor,1.058438429532424,4.562128106962181,2.28302854092321,6.472638706175871
virginica,2.13128194905061,7.29355903352694,2.5591704228013477,5.29994277566035
setosa,0.36786448682045414,1.382314666792761,3.592073407906476,4.934715166718459
virginica,2.302533028160153,5.550837320306774,3.1284304328307555,6.051684578663483
virginica,2.0236575480072094,4.948593597280583,2.8079677482169036,5.838191510794802
setosa,0.40775226986813096,1.4965745378454534,2.5774134035542886,4.726053229676379
setosa,0.32949352549893574,1.3208167064465135,2.8321054377049997,4.525559303483338
virginica,2.155548419391896,5.07278180033825,3.065274030166001,7.086531692385714
setosa,0.5524660882497687,1.3546358275522583,3.761758858551101,5.558430826937367
virginica,1.7316526396030634,6.040281928242503,2.7424405757230805,6.7266387279448345
versicolor,1.438620942325995,4.055841744085226,2.9183262302229065,6.720609524335095
versicolor,1.2859716809209847,3.364418577609527,3.3527642765360075,6.086721215005229
setosa,0.5978072925324136,1.3273690567045766,3.6873389057767696,4.359410051527413
setosa,0.1655730225037713,1.553772189264345,3.3429370254462185,4.472920559536217
setosa,0.23058847903002824,1.7626426871919678,3.1623588920615013,4.458476700100935
virginica,2.042365589209255,5.485634783530926,2.7377421419796564,7.259809372656058
setosa,0.3301092326652486,1.0710395594128896,3.653431545289191,4.9147186164995365
setosa,0.43440944863928344,1.2908869223215609,3.3601784777209183,5.072533439584055
virginica,1.9115662340911745,6.25420351279767,2.9032234415647826,6.726100357432154
versicolor,1.3463645345559914,4.806361062636139,2.7774374862930293,6.151038136922177
versicolor,1.6211001586811493,4.212712369423112,2.5671065210810102,6.301895461855833
virginica,2.1705612927219002,5.2694619136285645,3.0658631354067287,7.036408069724608
setosa,0.4513788943532152,1.6673280095395482,3.579130478186471,5.230839300000406
setosa,0.10751856371309867,1.575156193919896,3.7385774466011092,5.537390029574957
versicolor,1.7338695242804611,4.431919757128361,2.519998690647938,5.906561880204368
setosa,0.15732196319184352,1.5220269743513843,3.770261837738758,5.3703160977484075
setosa,0.2778169042910782,1.516524815633089,4.286417036642401,4.7597754330460385
setosa,0.3313957438167564,1.634361700458249,3.345379221683327,5.088279799473122
versicolor,1.144148487427576,4.643612947669775,2.696237247161668,6.836048245578408
versicolor,1.5008424910778269,4.3851036040590365,2.8984951362071287,5.605151482305089
virginica,2.117602947944544,6.019312856314773,2.8612231996643804,6.691002523307436
virginica,2.0507674259786013,6.461029205036842,2.8603755484156084,7.270644079860141
virginica,2.4371158766945076,4.687559196148188,2.852073913098616,6.233103117182877
virginica,1.917811402628411,6.40851157304554,2.637964583957382,6.725211427710638
versicolor,1.1925708474349195,4.060535746196594,2.342855973962029,5.495164414832167
versicolor,1.3860590532127652,4.072984024811465,2.421637383884013,6.250697999282319
virginica,1.865062572291027,4.721093040011566,2.9929983269655915,6.350288710937084
setosa,0.23554190312295334,1.6296586086029823,3.942704189764534,5.392548579237506
setosa,0.5929058999198835,1.661819257467263,3.2931115284966204,5.033105342619228
virginica,1.502959803685104,4.783775634304409,3.2993317672761706,5.995758780700601
versicolor,1.4984703278386784,5.106068866809701,2.631717213106738,5.94599783866149
versicolor,1.510471575091283,4.612665268513781,2.915055275059655,5.603606411972994
versicolor,1.3706262017178032,4.2085086226175,3.063891145245997,5.620597298258019
versicolor,1.5595179568966508,4.163259529778164,3.1363667259399235,5.108664254210806
virginica,2.262185544801321,5.34829487454897,3.051177805276913,6.6453992626252525
virginica,1.9287435763956822,4.996131597371081,3.0855902694987,5.464764950003897
virginica,1.9822200901029357,5.945776195736187,3.0926292925589784,6.4883223999646695
versicolor,1.1074689280912404,4.8711514590987175,2.356582829058097,5.773699597926178
virginica,2.111481799151999,4.7296191122939595,3.1682986755021685,6.305896665798619
setosa,0.22824142459704658,1.5882968558750221,3.5162406586901476,5.097343061872849
setosa,0.5396339109888465,1.5739084140767456,3.454752238882559,5.191748390278908
virginica,1.901382147050505,4.90323993034563,3.1746969188516054,6.387332589664606
versicolor,1.5106485835136667,3.933000343399117,3.2794663255711765,6.7879699583690885
versicolor,1.3221991327283467,4.40678108339595,2.275946500133026,6.545270555588654
setosa,0.29219178832458204,1.7054781750418533,3.3236862194427346,5.119755267894742
virginica,2.047230548256108,5.180983088141644,2.720050034342712,6.236972237799389
versicolor,1.3094233357735199,4.65557836148498,2.7704246618916546,4.873224428086379
setosa,0.11727494567625077,1.606849266301392,3.1590317380463873,5.421558987797399
virginica,1.6304724897377154,6.7046993340262455,3.0065703527858827,6.5724168776715235
setosa,0.37828836219177897,1.6334164414310575,3.2582296959735153,4.833354353646849
setosa,0.5573659505148053,1.1519823761759125,3.9718484434212193,4.792526449015954
setosa,0.13880447383015607,1.5109354043139507,3.872446626777748,5.010785841537656
versicolor,1.4339697148862292,4.915520232186838,3.1893681082884315,6.565249330764922
setosa,0.19616230078956845,1.3538851674314243,3.6510757316944407,4.20489609485682
versicolor,1.023414279184203,4.4804762970996705,2.977736262873031,5.823622009327703
versicolor,1.284996636648645,4.246021583108705,2.8720863335214846,5.418805139118403
versicolor,0.8451240487319116,4.584078388991484,2.6653838366589797,6.094333666293532
virginica,1.9644994581961503,6.392707457154295,3.2274064297434197,6.295479489841561
setosa,0.4190752054376118,1.4524159643197305,2.9884773172837527,5.251701902213288
versicolor,1.5419587171454505,3.8129406457291717,2.34394553230677,6.5425019745599995
