Seniority,Dept,Education,PerfEval,Gender,JobTitle,Bonus,BasePay,Age
3,Administration,Masters,2,Female,Warehouse Associate,9177.315733527383,83656.55379658552,57.81931867487992
2,Administration,College,5,Male,Graphic Designer,4860.623328592716,78913.65456198914,55.91607925753027
4,Administration,High School,5,Female,IT,2638.9243919031087,77866.25543100883,31.493372487764333
4,Management,Masters,1,Female,Marketing Associate,6117.772337159799,132456.0868404806,46.40024538005894
1,Administration,College,3,Female,Sales Associate,5827.672998550004,82327.32075843847,51.645709137441784
1,Engineering,High School,3,Male,Data Scientist,3396.680932053229,120865.35899581981,63.97887422163761
3,Engineering,College,2,Male,IT,9455.685294917155,124003.97453799273,59.09253747943379
2,Administration,College,5,Female,Driver,5770.647200275063,99745.58161424827,60.1487449641936
4,Operations,Masters,2,Male,Warehouse Associate,7052.912637867823,108387.7377982592,36.70375742131449
2,Sales,High School,1,Male,Financial Analyst,3754.9685354788276,144223.9005912865,62.76181527029252
4,Operations,College,1,Male,Graphic Designer,10251.90315323127,82562.36585309649,41.747224013240526
2,Engineering,College,3,Female,Marketing Associate,7132.563123136273,134544.0450182154,40.74705467483366
1,Administration,Masters,2,Female,Data Scientist,4974.674528680129,79893.2651772927,65.44105685707996
3,Management,High School,1,Male,Software Engineer,5246.990925451321,71716.22179233137,39.62216193174295
3,Engineering,PhD,5,Male,Warehouse Associate,4676.178551669634,90420.10773286129,63.48553168028792
4,Engineering,Masters,2,Female,Software Engineer,7780.954865518368,99417.79669456423,46.49942535631919
3,Operations,High School,4,Male,Sales Associate,5045.350752807324,64428.04754258368,29.361898213681318
4,Sales,PhD,4,Male,Financial Analyst,7190.449135819639,85999.00268609103,32.723289372608875
5,Sales,College,1,Male,Software Engineer,2539.716466048725,106445.8771278319,42.04723872727136
3,Administration,College,1,Male,Graphic Designer,5363.95682269027,75725.01216014693,43.17982323672412
1,Sales,College,1,Female,Data Scientist,4912.660453457951,115632.70949837462,62.27489633746464
2,Sales,High School,4,Female,Driver,5019.449602982083,91711.49369315842,23.0299892286515
1,Administration,Masters,1,Female,Marketing Associate,2411.5621571588454,115892.34926452489,40.358189346891365
2,Engineering,Masters,4,Male,Software Engineer,8328.451621822682,123670.48005563067,37.6532493502808
3,Administration,Masters,2,Female,Financial Analyst,6856.661108068802,94236.55261291054,28.936462413039155
2,Administration,Masters,1,Male,Marketing Associate,3811.031602720856,110025.65305944778,21.276603719847294
3,Operations,Masters,5,Female,Sales Associate,7845.170825393223,88474.52559301884,47.519718853678185
5,Operations,PhD,4,Female,Driver,3654.8644370305783,105275.0996461823,37.579532815604196
4,Administration,High School,1,Male,Sales Associate,7357.553639128426,66069.63936179988,45.58634094213939
2,Sales,College,2,Female,IT,9634.505459705644,104403.70461446657,29.115353896954343
5,Sales,High School,3,Female,Warehouse Associate,3251.5280141759804,95920.43654773661,21.152371021845028
2,Sales,PhD,4,Male,Graphic Designer,6870.4976524693175,111238.89051420068,20.37268970682412
2,Sales,PhD,5,Female,Data Scientist,7713.207766625361,83399.85078863156,34.69958530099551
5,Operations,High School,2,Female,Manager,8375.753847401587,86783.28447356237,20.275051050530916
3,Operations,College,4,Male,Software Engineer,7648.385381610098,117983.03734011267,61.71730642057565
1,Operations,PhD,2,Female,Financial Analyst,3400.009865274626,79981.40749710632,53.52594565653098
1,Sales,High School,2,Female,Warehouse Associate,8829.263020682742,72260.24240532824,63.15263068806975
2,Sales,High School,3,Female,IT,6481.362404558733,64963.610616693244,50.80018635010336
5,Management,PhD,3,Female,Data Scientist,9968.79107086083,85141.64617708532,47.18465297130932
1,Management,College,4,Male,Data Scientist,10966.037272631373,65941.80379641191,20.47298302693511
4,Sales,PhD,4,Male,Software Engineer,9330.342988297085,60854.44838165428,25.250156106554584
5,Engineering,College,2,Female,Manager,6981.137609004056,76887.26773121305,62.67261566297182
5,Management,PhD,2,Male,Sales Associate,5759.485830539985,130347.12947918575,47.9578921505076
1,Engineering,Masters,1,Male,Software Engineer,6142.354313629292,72148.6126581696,51.30453554654028
4,Engineering,College,4,Male,Data Scientist,9021.958240759795,105812.7657110323,49.565191834363816
5,Operations,PhD,5,Female,Marketing Associate,7057.048071174977,60834.436902174275,32.28762238197041
1,Management,PhD,3,Male,IT,6379.131778257866,106435.29849606582,38.19786695444928
5,Sales,High School,4,Male,Graphic Designer,6053.23708333779,92610.4862553881,33.17294555684472
4,Engineering,High School,3,Female,Sales Associate,5034.921988585907,96213.52233894524,21.459017307532385
4,Management,PhD,1,Male,Data Scientist,6957.94103947065,85039.51431052801,21.31984082810285
5,Sales,Masters,4,Female,Graphic Designer,7161.0963630782935,98183.7996261537,56.43215658920374
5,Engineering,College,1,Male,Warehouse Associate,9271.67284791571,143386.19465286896,43.108401580511
4,Sales,High School,5,Female,Sales Associate,6492.800076881593,81211.78136109716,59.104925853212954
1,Engineering,PhD,3,Male,Software Engineer,4996.29375559138,96415.39780564104,43.943230712248955
1,Sales,College,4,Male,Software Engineer,3668.9834903418378,75566.7866630559,53.32705459144174
2,Operations,Masters,5,Female,Financial Analyst,1971.7086055499312,97632.68829102286,61.358450545127056
2,Engineering,College,1,Male,Warehouse Associate,5217.008405289409,95992.13239802445,47.31279248093878
5,Sales,Masters,1,Female,IT,3233.7555191629262,103382.17247189273,54.841542475403145
1,Administration,Masters,1,Male,Graphic Designer,3476.5786216079173,76064.11393560636,64.17873235154067
2,Sales,College,5,Male,Warehouse Associate,9447.793785933116,111600.14984607822,36.93581565333911
4,Management,Masters,2,Male,Graphic Designer,8240.346483226363,106033.03446568377,42.42251103766745
4,Operations,Masters,3,Male,Marketing Associate,5097.295686649314,91404.79566257089,65.43041173797165
4,Management,PhD,5,Female,Marketing Associate,6610.819096921321,42059.446440499996,34.004780550612104
2,Engineering,College,5,Female,Data Scientist,3276.032229513544,95912.2310123378,33.22102044182178
5,Engineering,Masters,1,Male,Graphic Designer,10649.812152721493,90070.006952407,19.759570330016754
1,Engineering,High School,1,Male,Software Engineer,7817.907898972393,81063.67942925749,41.803318199270684
4,Management,College,2,Female,IT,7945.842784557757,143957.74912033492,48.9102413428121
4,Sales,College,4,Male,Graphic Designer,8556.243838128381,121808.19846060498,57.26635891468504
4,Management,High School,4,Male,Data Scientist,8254.84592603122,68978.22425841588,64.49241569291308
5,Administration,Masters,1,Female,Sales Associate,7545.369424578252,100019.75810566619,46.07204808020538
4,Operations,Masters,4,Male,Manager,6978.6624429311905,139275.24838605456,52.26839856612746
2,Sales,College,5,Male,Manager,4250.264533897956,97533.21158954677,35.43673148702252
5,Administration,Masters,2,Female,Marketing Associate,6927.745246339429,69748.1622810136,18.51592224938542
4,Sales,High School,3,Female,Marketing Associate,3421.8001683851635,129094.58725317751,61.54746413363821
3,Administration,High School,1,Female,Financial Analyst,3689.1353565064355,104589.42316286167,53.67737916578901
3,Operations,Masters,5,Male,Manager,7230.366163470353,91301.3087892335,54.51103947671098
4,Operations,PhD,1,Female,Financial Analyst,4525.702028110118,69093.27360759917,38.48659330293149
3,Engineering,College,3,Male,Warehouse Associate,2801.8313576069913,123739.52605864737,55.077138743261415
4,Administration,College,4,Female,Data Scientist,3804.9799690075297,64309.64659529334,30.500199312667622
4,Sales,High School,4,Female,Graphic Designer,6275.842233649504,92767.03365977811,34.895584212871896
3,Administration,PhD,4,Male,IT,3417.9334827375255,96836.67424820422,43.64165703445012
2,Administration,Masters,1,Female,Financial Analyst,8308.867537366224,95510.87847293612,18.120747609438197
2,Operations,PhD,4,Male,Sales Associate,10583.672408409846,124532.38254861499,24.58474349736808
3,Management,High School,2,Female,Graphic Designer,7784.527401313244,78583.0870294114,19.202596689099625
2,Sales,College,1,Male,IT,8139.391146309963,87295.04912619902,40.96454121087017
4,Engineering,High School,3,Female,Graphic Designer,7033.728000072435,103157.06394870364,27.60117948648916
3,Management,Masters,1,Female,Marketing Associate,9052.580182331605,93354.29723084539,25.84698646264259
3,Management,High School,3,Male,Manager,9807.287302051756,83240.72552568578,35.13505886487428
4,Operations,College,2,Female,Warehouse Associate,3855.1087617614658,118816.06007677245,54.92758236480411
1,Administration,High School,2,Male,Driver,4093.170057948138,63970.243867032696,21.603595861925506
3,Engineering,College,1,Female,Graphic Designer,7287.242228572521,55939.6152316903,54.08076414625016
4,Sales,Masters,1,Female,Graphic Designer,8445.1304689904,93290.0019291787,43.22761624206267
1,Sales,College,1,Male,Driver,5371.338268009862,46212.895091935025,42.79426049751896
4,Operations,College,4,Male,Financial Analyst,6779.840732704073,104228.17178121953,27.822580811542558
5,Operations,High School,2,Male,Graphic Designer,5858.263460170192,115935.82412882612,22.457791749054664
5,Administration,High School,2,Male,Sales Associate,5417.7633425812965,98552.56832851954,40.368621414623675
3,Management,Masters,4,Male,Driver,10096.20218840177,85798.70099162895,21.768132572952283
4,Sales,PhD,4,Male,Warehouse Associate,7168.025728484798,105130.97022963429,29.64795623518652
4,Engineering,High School,5,Female,Driver,6583.881246858204,98001.84443518081,21.243240244016086
4,Operations,College,2,Female,Graphic Designer,5741.025587304104,76741.50275265916,53.218063395767714
2,Engineering,Masters,1,Male,IT,5615.531416565902,118112.47628602253,36.51085674059689
5,Operations,College,3,Male,Software Engineer,6134.6676015570665,108886.33190824561,54.115729112714845
5,Management,High School,1,Male,Driver,4952.339966747384,110222.4708002697,54.03288916469576
4,Engineering,PhD,4,Male,Warehouse Associate,3639.443533234679,57414.14795747545,35.718933078738814
5,Sales,PhD,3,Male,Driver,4479.523047277025,133259.17850794573,63.763453981630846
4,Management,Masters,5,Male,Data Scientist,5196.278672606684,112931.1989527734,20.827529684549262
3,Management,High School,1,Male,Graphic Designer,10145.278476207282,92934.62721946952,64.99766738928797
4,Administration,College,5,Female,Marketing Associate,6930.781650087731,90454.13791705109,28.98811324511935
3,Administration,College,2,Female,Marketing Associate,7716.025447795915,79065.69573773208,27.462437484401743
3,Administration,High School,1,Female,Sales Associate,8125.103996537728,112679.03162567882,18.466753808697742
3,Management,College,5,Male,Driver,5180.304585481297,86038.5752732516,43.80161158596747
4,Administration,College,5,Male,Manager,2578.6330716205875,65418.46916350167,63.48423598859988
5,Sales,PhD,3,Female,Sales Associate,4597.117453741468,97835.7562568776,37.66449667154386
3,Sales,College,3,Female,Warehouse Associate,6858.8518966857755,117459.75794888395,36.43317739886007
1,Operations,College,1,Female,Warehouse Associate,5833.124233915876,94307.59432081047,63.19988401092971
1,Management,High School,1,Female,Driver,8252.32472507271,112297.25040440087,21.172986991550847
4,Operations,College,1,Female,Manager,7696.179279903847,87322.76410666615,62.67383163694002
2,Engineering,Masters,4,Female,Graphic Designer,4633.738562546623,71872.09699111417,30.146579880176322
5,Administration,High School,3,Male,Graphic Designer,5469.069930625123,122062.87261235515,22.448240129023745
1,Administration,PhD,2,Female,Warehouse Associate,5756.144644634362,100507.10883055408,18.677028535146572
1,Engineering,High School,3,Male,Financial Analyst,10014.038871878805,64363.496632602066,46.30346980995698
3,Operations,College,1,Female,Graphic Designer,8485.823062440719,101593.0045546939,42.381103024699314
3,Sales,High School,2,Female,Data Scientist,5170.430984521781,109046.48662974678,43.502418138076
2,Administration,Masters,3,Female,Driver,8693.149991344573,126994.15279479805,60.904653181653
1,Engineering,Masters,1,Female,Marketing Associate,9804.123905075921,114979.22518758694,18.26491972943555
2,Sales,High School,4,Female,Marketing Associate,8934.0493281807,77275.0873564923,26.224027849200723
2,Sales,College,2,Female,Financial Analyst,6698.321070005699,97632.99179602154,48.4014118886017
3,Engineering,High School,5,Female,Driver,5111.799562808124,103757.23892457773,60.49877551818986
3,Administration,High School,4,Female,IT,5598.391568055989,103938.82008493645,43.17446491868242
2,Operations,College,4,Male,Manager,2191.0181277483766,120419.46046242301,63.49583272212169
3,Operations,High School,2,Female,Marketing Associate,9688.95441098081,81795.91872263476,27.177231902636677
4,Engineering,Masters,4,Male,Software Engineer,7815.29302910015,94399.24805391328,26.744033637999124
2,Administration,High School,3,Male,Software Engineer,6299.18234356896,134791.58834922122,64.48126715686182
4,Administration,PhD,1,Male,Manager,4956.411494335441,93612.8248578416,42.773689005944895
5,Operations,PhD,4,Male,Software Engineer,11185.633758600703,110289.633282847,55.39172928724133
4,Management,PhD,2,Female,Graphic Designer,5120.68441915229,91510.71886951012,20.18546100707144
2,Administration,Masters,3,Female,Graphic Designer,6704.2393804739695,107516.00452667351,27.551530696508234
2,Administration,PhD,3,Female,Manager,5096.072391705942,121293.39283542453,59.39273360220722
2,Management,PhD,5,Male,Software Engineer,5594.266147791914,90761.5551901565,37.674822936433344
4,Management,PhD,1,Female,Graphic Designer,6348.888135693209,137491.3084382618,50.37487112086851
2,Administration,PhD,3,Female,Marketing Associate,7783.835361875117,96353.66398021132,52.78512166937528
3,Administration,High School,2,Female,Financial Analyst,3943.9056823225883,118809.37487066163,25.85841839977861
4,Operations,College,3,Male,Software Engineer,7440.064794305874,102004.16625433619,54.08885933305616
3,Sales,College,4,Male,Financial Analyst,6301.130393201671,142399.28757944758,57.31183722979492
1,Administration,College,1,Male,Software Engineer,7484.961903575455,83777.23148153044,38.947629428717654
2,Administration,PhD,2,Female,Marketing Associate,2510.2368624237906,110788.65369986005,42.01346762888256
2,Operations,Masters,5,Male,Manager,6933.897465212551,75306.23420668016,23.417578425636943
4,Sales,High School,2,Male,Sales Associate,3340.5466710591004,108143.94572715469,55.45897204090494
5,Operations,PhD,3,Male,Warehouse Associate,5828.089639183127,45852.251614957495,22.063320743768603
1,Management,Masters,5,Male,IT,6676.36307917591,160947.74624318496,58.336519910000305
2,Operations,High School,5,Female,Data Scientist,10093.31271931867,86467.82950738122,28.466441661665407
3,Operations,Masters,2,Female,Sales Associate,8995.761363088677,96104.12533348547,46.72167511073963
3,Administration,Masters,5,Female,Marketing Associate,5820.66817741179,74725.3790972394,26.912168606667777
1,Operations,Masters,3,Male,Data Scientist,6264.824567053574,67106.2797385239,63.185329778956586
3,Administration,Masters,5,Male,Graphic Designer,6450.731474992832,98896.83138179684,61.44204909658569
1,Management,College,4,Male,Software Engineer,5388.157020212528,93809.56057760278,47.39927716974108
5,Sales,College,3,Female,Marketing Associate,4512.672261545382,148765.9582824247,40.2589894904672
3,Administration,College,4,Male,Manager,5101.5853602897405,90576.10331509911,51.15022883404053
5,Management,Masters,4,Male,Software Engineer,8879.092635814406,130119.087512467,58.802106452325845
2,Engineering,High School,5,Male,Data Scientist,5936.813671930764,67481.74906676733,36.903214600785056
4,Sales,Masters,3,Male,Financial Analyst,6458.259665074036,94632.73401801602,52.168654162686735
2,Administration,PhD,2,Male,Sales Associate,7582.02873128311,130955.01490225994,41.376438948924594
1,Operations,Masters,4,Male,Data Scientist,4794.822569062622,114465.90656581555,43.737738073247
1,Sales,High School,5,Male,Software Engineer,8870.305643289275,120669.09800481817,59.82342130321491
5,Management,Masters,4,Male,Sales Associate,7663.536561008355,107886.2956312902,23.74584369491557
1,Sales,Masters,5,Female,Driver,7466.785155496118,77292.72957620208,35.06433943086102
5,Sales,PhD,2,Female,Marketing Associate,5178.51450039764,110343.13662769449,55.69174005930955
4,Sales,College,3,Male,Financial Analyst,5254.3794268815855,80449.15185923058,51.77190759654394
1,Administration,College,4,Male,Sales Associate,8101.173052192344,55800.64266451445,60.053912314677845
4,Sales,High School,3,Male,Software Engineer,4822.326917708886,91079.76876800213,60.156550731921556
3,Engineering,Masters,5,Female,Marketing Associate,3342.715465250785,90670.36009114176,21.162378651568233
4,Engineering,College,4,Female,Warehouse Associate,5867.094842855333,88161.49460690262,47.226614106605865
3,Administration,Masters,2,Female,Driver,8209.276332572932,70852.66404419906,62.64256027034757
1,Management,Masters,3,Male,Data Scientist,5070.365302924694,103538.09973357827,20.56282940372925
5,Operations,Masters,4,Male,Software Engineer,7704.43468864577,130432.89869960849,20.696835414902154
1,Operations,College,4,Female,Data Scientist,5823.622572327447,77166.76825612535,43.872664241654185
4,Administration,Masters,2,Male,Graphic Designer,1542.3799458907565,88784.21492248864,32.68957812794159
4,Operations,PhD,2,Female,Warehouse Associate,5185.910029168711,86614.10185854632,27.193524180807763
1,Administration,High School,3,Male,Driver,8715.12304698398,115368.91305156262,61.35263169256275
5,Engineering,Masters,1,Female,Financial Analyst,4898.162580779168,87712.96023025282,46.04594318790291
2,Operations,College,4,Male,Sales Associate,5423.048389980693,95946.5467436133,52.384626567337136
1,Administration,Masters,3,Male,Financial Analyst,4885.394115458919,77068.51882653202,35.4190493591908
3,Administration,High School,2,Female,IT,8656.33601495015,103247.3556428716,31.621432631247433
5,Sales,High School,4,Male,Software Engineer,6939.98071959082,95330.24008990951,49.35156906087422
2,Sales,College,5,Male,Graphic Designer,6036.451472862522,79637.04513059046,39.508809132787874
2,Management,High School,3,Male,IT,9017.156666972005,92287.75779819899,21.70741397253073
4,Management,PhD,2,Male,Graphic Designer,7777.259263551225,155935.3669265109,61.422464226258384
1,Administration,PhD,4,Male,Software Engineer,7242.834771734506,77191.03490160537,44.81457652843196
3,Management,Masters,5,Male,Software Engineer,6065.281522318979,66886.7533615668,33.71515720246255
1,Administration,College,4,Male,Manager,9001.996956047868,81833.97416546618,48.70499473073874
3,Management,College,5,Male,Manager,5133.194002966888,91251.25084176616,38.639454267947826
4,Operations,High School,1,Male,Graphic Designer,10103.179963450339,59778.032116768074,55.89914189087809
5,Administration,College,5,Male,IT,7166.206890284477,120364.58343056173,42.75720224381652
4,Administration,PhD,5,Male,Financial Analyst,5586.973597338836,64097.055393620634,41.854710279469444
3,Sales,PhD,5,Female,Driver,1878.2912239999052,72395.57858247553,62.58918963732413
1,Engineering,High School,5,Male,Graphic Designer,9444.777689283299,71796.61069123445,56.97650826002758
5,Administration,High School,5,Male,IT,5175.296989527696,90919.18596931305,37.20508406432335
3,Administration,College,5,Female,Marketing Associate,3939.214984051376,87109.36223868147,22.978145552721664
1,Sales,Masters,5,Female,Driver,6495.704047392668,31928.595684959677,32.216594351611164
4,Administration,College,4,Female,Marketing Associate,5235.794067592129,67639.32967690608,48.16675267837792
1,Administration,High School,3,Male,Sales Associate,7824.438602639075,82781.60880795059,58.05345845864922
3,Sales,College,5,Female,IT,9498.605202252484,101846.11150290463,62.030489258189064
4,Operations,College,5,Male,Driver,9272.47532910007,96890.16859513168,63.01110483036605
1,Sales,High School,1,Male,Manager,7780.23432441341,59897.73644872464,32.27135746802985
4,Engineering,High School,3,Female,Graphic Designer,5236.00311008219,37582.79179504727,44.32196511394938
5,Management,PhD,3,Male,Driver,8341.028698886765,87982.31940313085,30.127368665367513
2,Operations,Masters,1,Male,Manager,5882.10566697427,101632.2472423565,45.69703140100752
2,Engineering,PhD,2,Female,Data Scientist,5378.952249324535,82422.52382567663,39.911356520773836
1,Operations,High School,4,Male,Data Scientist,9050.120255450687,87402.9161594052,31.576181490200348
2,Operations,PhD,1,Female,Warehouse Associate,6130.390903043375,111446.92486386068,44.94723981404799
5,Operations,High School,2,Female,Marketing Associate,9599.152893244242,72190.24851913033,46.00269175104907
5,Administration,College,2,Female,Graphic Designer,10507.446966260457,110601.44283349156,21.301514129257143
4,Administration,PhD,2,Female,Marketing Associate,4286.226717685717,93733.3455781881,56.04750484379947
4,Sales,College,4,Male,Graphic Designer,4482.967739909519,84839.5612175049,43.88723365993714
4,Operations,Masters,1,Female,IT,4502.8746999749565,130235.75884891897,33.42285542324825
3,Administration,Masters,1,Female,Graphic Designer,6775.937711966264,83714.98260834427,62.02184367554143
5,Operations,College,3,Male,Sales Associate,7500.864664708573,99078.73266852605,28.587345596265095
5,Operations,High School,4,Male,Data Scientist,4015.8678602012374,111101.66072010998,54.622612542029856
1,Management,High School,3,Female,Financial Analyst,1948.549892008476,107009.35186993894,25.035598624927204
1,Sales,Masters,4,Female,Marketing Associate,2878.3512143203016,72402.025479911,46.52841889471348
3,Sales,College,4,Female,IT,10392.084098281775,87312.7758804358,52.21385040761821
4,Management,College,2,Male,Data Scientist,9965.131918936966,115462.82995492332,38.84080547929128
5,Engineering,College,5,Female,Data Scientist,3495.7833827465815,78149.14440243144,40.7147903381332
1,Sales,PhD,4,Male,Manager,6874.026726135769,58777.15055942213,26.2639275480563
5,Sales,Masters,2,Female,Sales Associate,7290.290387573656,101357.2443155634,64.60963114257302
3,Sales,College,5,Male,IT,6094.570645814667,86783.65286001745,51.025433459973
1,Engineering,PhD,3,Male,Manager,5633.192286599182,104040.80113619885,45.00440139458007
2,Operations,College,3,Female,Marketing Associate,7903.869149158292,110623.61112060871,46.52062054054221
3,Administration,Masters,4,Male,Data Scientist,10659.212806813866,85840.29356816469,24.210262047834664
4,Management,PhD,4,Male,Sales Associate,4798.8270772827955,89364.27333383723,44.41622123111688
5,Administration,High School,3,Male,Sales Associate,8918.135791541588,90494.47960177198,20.42042373006849
5,Administration,High School,1,Male,Marketing Associate,7077.325043691462,109611.47546659982,33.04884834264756
1,Management,High School,1,Female,Data Scientist,3857.9893347254165,97281.48826531618,46.11769757897863
3,Administration,College,5,Male,Software Engineer,4732.689902807286,79769.82258300888,33.39439666856904
1,Operations,PhD,4,Male,Sales Associate,7516.002455956097,91760.97273817181,64.19891580774959
1,Operations,College,4,Female,Data Scientist,4580.007483028634,58882.96322324143,51.34456481825917
4,Operations,High School,1,Female,Marketing Associate,7545.037213248894,68740.54337863733,56.06306485791254
5,Engineering,High School,1,Male,Financial Analyst,10417.083379882539,89448.99024967333,24.630596783307656
3,Sales,College,1,Female,Marketing Associate,8592.331344045928,118929.09539959267,26.915032723836482
4,Operations,High School,5,Female,Graphic Designer,7983.59143870837,96356.60702856815,31.60144546714239
2,Administration,PhD,5,Male,Graphic Designer,8079.069438083359,91483.1552779112,52.545970200170544
5,Engineering,PhD,5,Female,Graphic Designer,3866.004959828562,97039.65594283723,27.869793307448244
2,Operations,High School,2,Female,Marketing Associate,8985.949297805657,35564.84355994842,63.35007266516117
2,Management,Masters,2,Male,Data Scientist,6264.3878439705495,114666.89549130283,26.211029973024324
3,Engineering,Masters,3,Female,Marketing Associate,5645.597515534821,51458.29101779751,20.599624016934737
1,Sales,College,3,Female,Marketing Associate,7998.771153836733,114172.33058831622,48.63907826441687
1,Administration,Masters,2,Female,Sales Associate,5224.415537267263,87182.8390879058,46.41126537283834
1,Administration,College,5,Male,Marketing Associate,5820.861764640924,129067.55943910743,57.41834959590281
3,Sales,High School,1,Female,Data Scientist,10587.655925218025,70974.67683366082,57.087109676496254
3,Sales,Masters,1,Male,Driver,6841.443984985926,98334.45135886772,65.75468575347229
2,Management,PhD,1,Male,Financial Analyst,9523.381869203255,95898.28624897254,51.22545410142256
4,Administration,Masters,5,Male,IT,4929.229271837223,88006.46098854307,42.60282955149398
2,Sales,Masters,3,Male,Software Engineer,8039.767720850725,109558.00689021173,36.05776755106969
5,Engineering,Masters,1,Female,Financial Analyst,8574.196014446625,129429.77971247828,50.65857641518761
2,Sales,College,3,Male,Data Scientist,8101.657674041193,124044.09899951566,33.97181233629409
1,Operations,High School,3,Male,Marketing Associate,8221.911740844977,143292.3260882499,19.027175974838052
5,Engineering,Masters,2,Female,IT,4028.0408517766164,75269.47653673323,55.831862016049016
4,Engineering,PhD,4,Male,Driver,6880.847249631799,75776.60142991962,61.69874454277211
4,Operations,College,5,Male,Manager,5676.554272877787,171348.29781014743,63.43683400782086
1,Engineering,College,4,Male,Financial Analyst,6508.707849048265,64829.61622122146,41.58922913486636
5,Administration,College,5,Male,Driver,1813.4005063376453,136337.93210447914,45.05701781174177
5,Sales,Masters,4,Female,Marketing Associate,4270.0596354468835,73264.71347654707,53.66382893420216
4,Sales,PhD,1,Female,Sales Associate,6655.410205578444,76508.52361860151,64.654456765712
2,Operations,High School,1,Male,Software Engineer,5661.625486662184,109450.05293997593,33.25072996621082
4,Management,PhD,4,Male,IT,2570.7043456193896,52393.922202311645,26.052849453204026
2,Engineering,PhD,5,Male,Financial Analyst,5465.369850698387,67623.99162024351,57.94240814549254
4,Operations,PhD,5,Female,Driver,6838.388771228201,92730.81231029793,60.74067430928388
5,Sales,Masters,5,Male,Manager,6832.561926931321,110428.41973786462,19.647010599764982
4,Engineering,College,5,Male,Data Scientist,7309.361995908175,83678.99992245503,44.565459365738526
4,Engineering,College,4,Male,Manager,2898.0404125316013,83976.02431067947,26.59989433375336
2,Management,PhD,1,Male,Sales Associate,5719.21784595202,108138.02054459314,17.98368080395368
5,Operations,High School,3,Female,Warehouse Associate,8940.23263268278,66807.78246168533,41.44302190221817
1,Sales,Masters,4,Female,Marketing Associate,3352.922951634275,95082.398829197,58.79036761646857
5,Management,High School,3,Female,IT,8326.294040664077,99795.84965318986,23.915124227029164
2,Operations,High School,5,Male,Software Engineer,4664.490880626483,95351.0408475265,29.28378887735124
4,Sales,College,4,Female,Marketing Associate,3582.8187317570464,119534.5979858058,18.167375460317096
4,Engineering,Masters,4,Male,Graphic Designer,9860.709455280785,58213.780146970435,64.8032411289883
1,Administration,PhD,5,Male,Manager,6097.148956324161,144837.82358399927,45.440372769326686
3,Sales,College,1,Male,Manager,3803.5022015431823,100151.90486802558,23.932511450867285
2,Engineering,PhD,4,Male,IT,8770.866338080185,120148.32426109865,36.30228718218157
2,Operations,PhD,4,Female,IT,7859.368020893598,79201.33534403438,22.912632025907545
1,Management,Masters,1,Female,Marketing Associate,6743.622123885745,46274.14468663065,25.94389115419254
3,Operations,High School,2,Female,Sales Associate,3255.8866074108228,68205.46618169025,35.774895523361934
2,Engineering,Masters,1,Male,Driver,6914.567326511744,106244.2124365538,27.906757333376046
2,Management,PhD,1,Male,Manager,6852.049769534266,99180.73418827842,21.473244559904092
1,Engineering,College,3,Male,Software Engineer,9185.649880428347,87581.78183540836,19.197279428869344
1,Administration,PhD,1,Male,Manager,4085.1231600466285,105409.71673857933,47.30921290312534
3,Engineering,Masters,2,Female,Driver,5342.011612674841,100197.81019260436,35.85600688177388
2,Administration,High School,4,Female,Manager,4046.5685144427025,111487.09356540281,30.857100607725933
5,Operations,College,2,Male,Manager,8362.03272889567,65671.26074322223,27.16891532075354
5,Engineering,Masters,2,Female,Driver,6730.763458987996,65532.21897230477,38.900897795468204
3,Management,College,5,Female,Driver,6247.127206533058,88153.28104144841,29.65700216612402
1,Sales,High School,2,Female,IT,7981.502820040536,120874.41492648683,62.513398622146674
4,Operations,High School,2,Female,IT,7281.6364553512885,115972.8266527513,64.26729732822207
3,Management,College,5,Female,Sales Associate,9248.603298071639,37011.824385155385,47.02627694049063
2,Engineering,High School,5,Male,Driver,7179.146083814247,108613.34982243857,57.31860391560686
1,Operations,High School,4,Male,Driver,7316.68389665004,130419.90680365257,39.93780684093831
3,Operations,College,3,Female,Driver,7571.09416679787,91630.73736995828,46.86098585369511
4,Management,Masters,4,Male,Sales Associate,7194.353440139706,110936.28041654809,63.37010954119387
3,Administration,College,5,Male,Graphic Designer,2751.2864582182556,109808.2415149581,63.706153333505185
2,Sales,College,5,Male,Software Engineer,7117.5204784355865,93119.71712883013,52.25030648258566
5,Engineering,High School,2,Female,IT,7089.822086944805,79697.01372265659,28.38289997266954
1,Operations,PhD,3,Male,IT,8304.301467763753,62864.18182609503,64.34721299400434
3,Administration,PhD,1,Male,Sales Associate,8371.557866500025,138907.94938293943,59.07751109571126
4,Engineering,College,1,Male,Driver,7164.252354577602,96928.71914757304,38.5871397364472
2,Administration,Masters,5,Male,Graphic Designer,6306.3333442333405,63071.436366009235,43.32682812866504
1,Administration,High School,2,Female,Marketing Associate,8753.327563330111,97381.18316827055,28.94215163603081
1,Engineering,PhD,1,Male,Software Engineer,5128.18683172697,58190.87869215875,43.588071233148014
5,Management,High School,1,Male,Manager,5159.009211674167,78209.7162191303,50.10154445771843
4,Engineering,PhD,3,Male,Driver,7105.521453629875,124268.7939158032,37.21522470903126
1,Management,High School,1,Male,Manager,5993.567479033916,104852.26860346635,58.536898093928116
5,Management,College,3,Female,Sales Associate,6716.713100470464,61631.379040063744,39.97464605042401
5,Management,College,5,Male,Manager,6175.811846077368,82638.68681825395,18.192384849231747
2,Sales,PhD,2,Female,Data Scientist,4265.049606695751,40775.95508215387,30.808404481801613
3,Engineering,High School,1,Male,Manager,3345.6015826092303,70879.49349073264,49.024869876832426
5,Management,PhD,4,Male,Software Engineer,5882.753638055261,77519.34693023966,64.36789868237184
5,Engineering,Masters,2,Male,Graphic Designer,8845.503386225995,75848.63159612541,64.74579633456999
5,Sales,Masters,5,Female,Marketing Associate,7097.510959065159,92072.52628767527,58.71519243155505
2,Management,High School,5,Male,Marketing Associate,7455.049928211216,112604.90544157187,46.685715086874026
3,Administration,Masters,5,Male,IT,10681.88507373615,111567.52722702973,35.480024353822216
4,Sales,PhD,1,Female,Data Scientist,10059.337766777342,109980.38303323845,30.85884914469849
3,Administration,Masters,4,Male,Financial Analyst,6445.339146719989,114559.28377341188,27.57792858688211
2,Engineering,Masters,3,Male,Manager,4470.250364768312,83034.50753368677,28.66443412828053
1,Management,PhD,5,Female,Marketing Associate,7759.069560367156,68527.28072083229,26.18843658464138
5,Sales,High School,3,Male,Software Engineer,6791.3229443989585,83522.06758298911,41.68314597039287
5,Administration,College,5,Male,Graphic Designer,1794.5386921397644,113220.7564320199,34.41416623225329
5,Sales,College,1,Male,IT,6722.290193156348,99483.0030505088,38.36671331738013
4,Administration,PhD,2,Male,IT,5011.034770149701,78569.67874452262,29.6723933524014
3,Operations,PhD,4,Female,Graphic Designer,4135.671092219831,88435.56015745219,44.362324356159654
4,Engineering,Masters,1,Male,Graphic Designer,6473.766576046002,149130.34428101385,36.853320077036386
5,Operations,PhD,3,Female,Data Scientist,4417.567170872782,95706.32430388039,31.634039927056076
4,Engineering,High School,1,Male,Warehouse Associate,7208.574975755746,81084.79399768492,57.03779327019046
1,Engineering,College,2,Male,IT,7981.1542083949935,83869.30309772353,22.571247055499676
2,Operations,PhD,3,Female,Marketing Associate,3385.7974627928716,70657.60081244566,61.41919874213542
2,Engineering,Masters,3,Female,Data Scientist,7334.030972607145,109324.24378404794,18.53856056633206
2,Administration,PhD,5,Male,Graphic Designer,8740.76199027284,61092.35436881202,23.0915630164299
4,Operations,Masters,3,Male,Sales Associate,5945.776668936096,102162.60695055923,24.229532681843732
3,Administration,High School,4,Female,Sales Associate,6682.631474282598,57988.903763396724,24.244736573718885
5,Engineering,Masters,1,Male,Data Scientist,5620.804493504573,58491.54580789205,40.457692685470484
3,Management,PhD,4,Female,Marketing Associate,5525.896493830758,74790.94856043607,63.506517805288716
2,Operations,Masters,3,Female,Graphic Designer,7415.708103653598,112640.32345402251,28.81087418641343
4,Operations,High School,5,Male,Financial Analyst,8166.569674536115,93162.16623356237,25.29233419359101
2,Sales,PhD,5,Male,Financial Analyst,6447.723444845033,152632.8826687124,24.409354669638113
4,Engineering,PhD,1,Female,Marketing Associate,6546.384594467707,63394.20678098763,62.03716399264198
3,Sales,High School,5,Male,Software Engineer,3422.137818599413,120140.00703643575,53.49069733767642
3,Operations,Masters,4,Male,IT,3937.89937839114,59852.508293746934,64.73743024599278
5,Management,PhD,3,Female,Data Scientist,3153.22449638444,76296.76630740444,19.418738721289674
2,Sales,Masters,5,Female,Graphic Designer,6305.965050043611,121652.34526167634,51.94813595906551
5,Engineering,College,1,Female,Graphic Designer,7267.110033766454,104064.30845181861,26.679888805254556
2,Administration,College,3,Female,Financial Analyst,4144.437099499772,78995.84836344748,33.91419632390178
4,Operations,PhD,2,Female,Financial Analyst,4965.069677117093,104099.24616944251,22.81827694698147
1,Sales,Masters,4,Male,Software Engineer,6597.379144732808,85565.69491826522,31.35796881920301
1,Management,PhD,1,Male,Graphic Designer,7325.807120558218,135216.23142552917,39.38159269783344
3,Management,PhD,1,Female,Driver,6038.012367946261,98304.57544325586,35.09614740189957
3,Sales,Masters,4,Male,Data Scientist,8115.098221890938,92504.74608833028,64.07255267902053
5,Engineering,PhD,4,Female,Driver,8831.435231629723,72953.20153238538,59.76108149310497
5,Engineering,High School,1,Male,Sales Associate,7679.822463799233,74847.45989179416,20.717358407537798
2,Operations,PhD,2,Male,Data Scientist,8947.460595623294,150973.56982270893,59.55331807758948
1,Administration,PhD,2,Male,Sales Associate,6723.181479624034,81507.21383457669,63.34960352151268
1,Sales,PhD,3,Male,Manager,5036.961339430123,78277.77908585808,54.09912853362111
3,Management,High School,4,Male,Financial Analyst,3983.8989429777353,118507.32550526221,50.446918959122875
4,Administration,PhD,3,Female,Warehouse Associate,6606.907796228155,152458.57576718184,30.044661082018074
1,Management,Masters,3,Female,Graphic Designer,6782.673594204456,34972.23422129748,60.56454008797775
1,Operations,College,5,Female,Graphic Designer,9103.477829541223,68218.80750042031,21.00654502396173
5,Engineering,High School,4,Female,Data Scientist,4205.739778759661,94450.50595867721,61.7616796541121
1,Operations,College,4,Male,Driver,7134.239447469816,68978.99211721204,52.122903744722336
5,Management,Masters,2,Female,Warehouse Associate,7013.99893443397,94786.45905984567,64.7347298387264
2,Administration,PhD,4,Male,Manager,10449.301609156946,67560.12286345824,56.31620080727007
4,Operations,PhD,5,Female,IT,6046.930234407962,94122.04745066231,27.828608137482618
2,Engineering,College,3,Male,Data Scientist,6341.7877139768025,93888.84595668138,41.574788730845825
3,Engineering,College,4,Male,Financial Analyst,5132.318686850593,85269.37106495831,42.78662527817545
3,Engineering,College,4,Female,Sales Associate,8679.22968907557,98621.09278374235,27.858067009739244
1,Sales,High School,2,Male,Software Engineer,3601.1635030975285,87810.44235341983,51.14140031131292
3,Operations,College,4,Male,Sales Associate,8038.115322713422,136813.2248472799,49.91691845693971
3,Sales,PhD,4,Female,Financial Analyst,8368.072535256977,127742.29742321798,29.304395232572922
3,Operations,PhD,5,Female,Marketing Associate,9616.487507814807,95976.72930262357,24.886568504295003
3,Sales,PhD,4,Male,Driver,3556.6541277786605,70262.78530290425,52.24741240861711
4,Engineering,PhD,4,Male,Warehouse Associate,6264.421938006895,107473.1376560434,64.43788217048697
5,Operations,College,1,Male,Graphic Designer,7996.0923826541,86605.39787347981,23.649471396103674
1,Operations,High School,5,Female,Graphic Designer,8011.458572413883,82516.2917363399,38.96729232287569
4,Management,Masters,3,Male,Financial Analyst,5729.001787355361,106420.68122335743,24.754744760591514
5,Management,College,3,Female,Driver,4557.314942518543,77429.99580116133,20.909651497163306
2,Engineering,Masters,5,Female,Manager,5041.5241812995955,131661.17347898285,48.5636442666649
5,Operations,High School,3,Male,Marketing Associate,8094.74154740425,77418.31160547477,28.702756772095473
2,Management,Masters,1,Male,Warehouse Associate,8551.66919223176,99117.39380975664,21.477587963180873
3,Management,Masters,2,Male,IT,5004.230324787403,66160.00077779134,28.844591859907403
2,Management,Masters,1,Female,IT,8051.000908692871,69966.09167268481,29.135713539215157
5,Management,College,2,Male,Sales Associate,6945.723340479679,128127.91380249486,36.22478927814174
5,Administration,College,2,Male,Graphic Designer,4430.716285770623,100733.49839114703,24.820693509447935
4,Management,High School,5,Female,Graphic Designer,9580.391958507178,99200.1785079938,46.11030857986778
2,Administration,High School,4,Male,Warehouse Associate,9421.16781580544,119397.227961092,43.564826995764875
2,Management,Masters,4,Male,Sales Associate,6497.075097063396,67308.61922194334,58.669627900123615
1,Sales,College,2,Male,Driver,7685.643204749589,95627.27185824538,61.28082827817764
2,Sales,High School,1,Female,Marketing Associate,5087.073465957144,88767.88433819804,54.53844588215378
5,Administration,Masters,4,Female,Sales Associate,7960.061163489545,40352.04670423996,63.046094534094465
4,Administration,Masters,1,Male,Software Engineer,6428.406358331129,114094.85328231729,46.406106348876335
1,Operations,Masters,1,Female,Software Engineer,3295.7287864970335,52812.97187149154,45.7299703759244
1,Sales,College,2,Male,Warehouse Associate,7083.026522501179,108487.52903540245,53.9108162751281
5,Operations,PhD,3,Male,IT,3086.786179633377,50889.903074603215,31.27430170320048
2,Sales,High School,4,Female,Data Scientist,4740.300222218397,87950.97429779607,29.53359381215681
1,Administration,Masters,3,Male,Data Scientist,7303.2315613970295,127782.21921144433,18.22125945988475
5,Administration,PhD,5,Female,Sales Associate,6618.091976449952,52354.044414673575,48.94809152257862
4,Engineering,College,3,Male,Warehouse Associate,5520.037376298562,118508.7594960211,51.37386008772984
2,Sales,Masters,1,Female,Data Scientist,5976.25680208035,92817.54426490964,18.247818253971545
5,Management,College,2,Female,Driver,9443.296586309087,105805.10635071222,25.640917507180554
4,Management,Masters,3,Male,Data Scientist,7521.274581259522,119757.16065550286,37.75564505686063
5,Management,PhD,1,Male,Marketing Associate,8452.551100468461,100867.73084484521,18.93408620689639
1,Engineering,PhD,3,Female,Financial Analyst,4754.681612161989,60911.5940335728,59.1089396265561
2,Sales,PhD,2,Male,Warehouse Associate,4310.444347117327,54887.812440288864,58.73742895476301
4,Administration,College,1,Male,Sales Associate,7741.8313868497935,71759.43089018902,20.79691822316358
4,Sales,PhD,1,Male,Data Scientist,8156.407968325573,121132.95423118664,56.3937499385408
3,Management,College,1,Male,Software Engineer,5457.446162237371,130781.37794346744,43.347642304044456
2,Sales,High School,1,Male,Sales Associate,8283.663923384496,119089.28533668241,20.981375838113614
2,Operations,High School,1,Female,Manager,5824.776965904173,115272.1449940234,32.24380975403287
5,Administration,High School,5,Male,Financial Analyst,8261.52919814195,122271.08585878408,48.99229129277049
1,Engineering,High School,3,Female,Warehouse Associate,6258.915383415397,43971.0655461467,49.092211776971624
5,Operations,PhD,1,Male,Data Scientist,10706.995958695892,70241.31805103952,61.84922057375299
1,Administration,High School,1,Female,Financial Analyst,6032.092474305498,85360.60856181613,40.949765552876194
2,Operations,High School,4,Female,IT,3481.3963878153145,85633.60785442474,35.52423146652778
2,Operations,High School,4,Female,Sales Associate,3249.789293709451,126998.89268269172,19.42447496601653
1,Management,PhD,1,Male,Software Engineer,7199.552796659955,111224.13724918527,35.1270111435515
5,Engineering,PhD,3,Male,Driver,3579.6935908805435,144778.43065231806,60.02895192271977
3,Operations,Masters,2,Male,Manager,8517.498370265283,33180.076466912484,55.71626166179415
1,Administration,High School,2,Female,Financial Analyst,4365.555418171649,97290.26649925175,45.35014709242671
1,Administration,Masters,3,Male,Manager,6857.41257502591,79275.40378026587,18.05188972337926
4,Operations,College,2,Male,Driver,6248.133602127438,61798.32345493354,35.68450615664556
5,Engineering,College,2,Male,Graphic Designer,3991.717751471231,137831.3215146296,60.201086306508955
2,Engineering,PhD,3,Male,Software Engineer,4570.54119763966,123389.02097155765,64.65969113054834
2,Operations,PhD,5,Male,Software Engineer,9396.663559412398,94600.27290337924,59.84139475755056
2,Management,High School,3,Female,Data Scientist,8060.495407513694,99963.81667266713,45.99543865150353
5,Administration,Masters,1,Female,Manager,6216.495116912811,119274.01780794229,30.857578461898484
2,Operations,College,1,Male,Graphic Designer,9201.37858530103,86781.25795207437,53.37721221071753
2,Management,High School,1,Male,Manager,9864.171204098473,92193.96083605006,38.07678227700316
3,Administration,PhD,5,Female,Driver,8610.142943512585,117355.41567530598,40.41126394894024
2,Sales,PhD,4,Female,Marketing Associate,8328.062300864489,92026.81936422532,60.68694159729601
4,Engineering,High School,1,Female,Graphic Designer,8433.695146065793,87564.46510241076,32.43971070063558
1,Operations,PhD,4,Male,Marketing Associate,3975.1050281649327,75904.74241080937,36.71242092004334
2,Sales,High School,4,Male,Manager,5214.57393038171,78509.2687672201,55.77859244725804
5,Management,Masters,2,Male,IT,7669.816023967767,109703.21864480387,52.833699474925524
5,Administration,Masters,2,Male,Data Scientist,9354.533774738333,62839.3909290309,36.148891758920406
3,Operations,Masters,3,Male,Software Engineer,5150.214737590077,85465.86722990203,27.717112579539872
1,Administration,PhD,1,Female,Marketing Associate,7069.208257842232,83434.7936981606,64.50517060633004
4,Sales,Masters,4,Female,Data Scientist,4624.688547730587,120726.21222250392,25.0154512770042
2,Operations,College,2,Male,Marketing Associate,7723.49965480585,92514.10660203984,48.98542498711939
3,Sales,College,3,Male,Graphic Designer,2364.9458586103055,69444.47885392958,40.38598215101641
1,Sales,College,5,Male,Financial Analyst,9398.263383564881,82556.47709991546,49.96279871447434
5,Operations,College,5,Female,Data Scientist,9662.565902126891,82593.48975345973,18.70227484413975
2,Sales,PhD,4,Female,Manager,6797.338151608972,108471.79698233609,64.1898340090398
2,Management,PhD,2,Male,Driver,6006.39644886024,87618.30189959201,21.323581829469187
2,Sales,PhD,4,Female,IT,7106.438483873455,86588.66142885791,22.399450883359926
5,Operations,Masters,3,Male,Software Engineer,2334.3998932206687,123498.18583816756,49.79986666323204
2,Operations,Masters,1,Male,Manager,7949.5095727579155,135850.78506115425,48.03848463983576
1,Sales,High School,5,Female,Data Scientist,6241.219360257628,112928.0678863788,45.67166442020721
1,Sales,Masters,5,Female,Driver,8965.068586535186,78978.83632400198,56.3561683760431
4,Administration,Masters,2,Male,Data Scientist,4578.123484432992,127989.66261457674,55.23616515220667
3,Sales,PhD,1,Female,Sales Associate,6498.051221964397,66908.81233231367,61.226725758578375
3,Sales,Masters,5,Male,Sales Associate,7053.48841285932,123053.15569461937,50.115817815594895
1,Operations,College,5,Male,Graphic Designer,8174.505983268507,81792.45724247812,33.05758254233801
3,Administration,High School,1,Female,Graphic Designer,5830.047152480376,94206.93419746355,34.35892330334891
3,Administration,PhD,5,Male,Warehouse Associate,8636.395670233791,120250.31923799825,50.26095772101348
2,Sales,Masters,4,Female,IT,8165.871348093806,123231.22189291519,21.343577337508215
1,Engineering,College,3,Male,Data Scientist,7186.989416169152,71523.31170467676,27.685934772945945
5,Engineering,High School,1,Male,Marketing Associate,5416.623268033738,81039.50945253474,24.01946120456618
2,Administration,College,5,Female,IT,7006.040853580758,35385.42957123597,48.2450466109012
5,Management,Masters,5,Female,Warehouse Associate,7254.491459742416,39784.42885013852,60.90573774080916
1,Administration,High School,5,Female,Sales Associate,6156.125747473541,100834.2996150149,26.950038308938836
1,Engineering,High School,5,Female,Data Scientist,4920.593029211977,105639.46242568399,28.414785031663076
4,Administration,Masters,1,Female,Graphic Designer,6678.7850784696075,76626.69733480415,53.57711365401228
1,Management,High School,5,Male,Driver,5641.0119034594245,75558.48476875071,18.161558514738232
1,Management,College,2,Female,Marketing Associate,3361.8425407480995,126035.33248213561,64.55958318311454
1,Operations,High School,1,Male,Data Scientist,4840.481366773665,59650.30323003403,34.68599642357584
4,Sales,College,5,Male,Warehouse Associate,5650.058752625302,100622.38562476657,38.42978787468768
2,Operations,High School,5,Male,Sales Associate,4647.269260775427,125378.63470270092,32.40699559162398
4,Engineering,High School,4,Male,Graphic Designer,7149.797283356065,101585.97156396347,43.355602895537146
1,Administration,High School,2,Male,Software Engineer,5927.028436082983,138185.6700858242,22.236366314720723
2,Management,College,5,Male,Financial Analyst,7891.523343143832,130945.7303749438,58.40161445471871
2,Engineering,Masters,2,Female,Marketing Associate,6478.677750552495,85337.83548624646,50.540183707221985
3,Operations,High School,4,Male,Graphic Designer,10065.686417689738,97024.96902061568,59.164346710210054
1,Sales,Masters,2,Male,Sales Associate,10441.653308302131,117655.37667178179,39.633156682243424
2,Management,PhD,3,Female,Marketing Associate,5243.145443641159,83137.12951639628,50.333167367272566
1,Management,High School,4,Male,IT,8318.185687784353,82931.42632939263,26.774524728130782
1,Sales,High School,3,Male,Graphic Designer,4646.132315474095,129319.14935190893,20.240533335356243
3,Administration,College,5,Female,Marketing Associate,3385.106789300654,63640.04305738041,19.011169070187332
2,Sales,College,4,Male,Software Engineer,5837.939117408992,85918.19617183572,26.689403380454856
3,Administration,Masters,3,Male,IT,6371.169530338242,112051.59794361243,42.872404390530534
2,Engineering,PhD,5,Male,Warehouse Associate,3174.9196843175896,132028.64362653295,44.473755889448995
4,Management,Masters,2,Male,Driver,1854.8353193379528,90779.27897621666,65.09511293869926
1,Administration,PhD,4,Male,Financial Analyst,3951.1991883044325,86166.03620615421,19.51689798883534
4,Management,High School,1,Female,Software Engineer,6858.024738979155,67432.39157088316,57.18366699621595
4,Engineering,College,2,Male,Sales Associate,8066.998402397267,79393.08197556723,48.61210585756987
2,Management,High School,4,Female,Financial Analyst,8881.189852905083,89311.62905936557,52.54488448842912
4,Sales,PhD,1,Male,Sales Associate,5154.1498109770255,128099.69328870902,26.0731915449094
3,Management,Masters,2,Female,Warehouse Associate,6118.427549526794,94306.1157671337,40.779850600702055
4,Sales,College,3,Male,Software Engineer,7802.2828685649165,59780.9554096276,60.34913014642483
3,Engineering,College,5,Male,Data Scientist,3595.0954715357793,89658.27827980508,30.96122203247397
5,Engineering,PhD,1,Male,Sales Associate,8295.830420211389,158209.31361548317,29.782398029843037
5,Operations,Masters,5,Female,Marketing Associate,8155.937749757684,68056.91416666243,38.10543517254353
3,Operations,High School,4,Male,Manager,4028.0191544378026,110123.46360217407,29.262617454514285
4,Management,High School,5,Male,Manager,7667.23475311933,103537.57235205894,34.775172807805795
4,Sales,High School,1,Male,Sales Associate,8520.596312349126,79755.70968366002,42.368931000106016
1,Administration,College,5,Male,Software Engineer,4090.1618406734688,108030.21447839541,23.51716720704708
2,Administration,College,5,Male,IT,7824.629540959269,70613.66971679649,53.51049860615257
2,Management,Masters,4,Male,Warehouse Associate,10434.410617875728,144538.1189208849,34.12036916340084
2,Management,College,3,Female,Data Scientist,6002.52711949502,112115.4842550896,44.370333480092285
2,Operations,High School,4,Male,Graphic Designer,9880.714154602216,115253.68618532365,58.79916161822074
3,Sales,College,3,Female,Warehouse Associate,9382.18835714949,108700.6438662767,53.3622099010737
4,Administration,Masters,3,Female,Warehouse Associate,2593.3866787195566,113938.12940441827,28.093049627693617
5,Engineering,High School,4,Male,Graphic Designer,4976.337230341979,105841.29119853683,35.22623168525892
2,Sales,High School,5,Male,Data Scientist,5756.305964210709,156063.91437357722,62.79394023674881
5,Engineering,PhD,4,Male,Software Engineer,7579.7561001238155,127458.45508898143,64.91569367547271
1,Operations,PhD,5,Male,Driver,9485.552654851183,103392.44791273866,44.67151055589977
2,Administration,College,5,Male,Data Scientist,10129.104798122597,67785.11210039488,18.60277363344017
3,Engineering,Masters,4,Male,Manager,7550.214998164474,116681.1749060965,33.97867899418999
2,Sales,PhD,4,Male,Sales Associate,8040.281723228356,90700.5739295335,34.15050630019816
3,Engineering,College,2,Female,Manager,4553.513038944927,98679.51551903322,58.702345209588884
2,Sales,College,3,Female,Marketing Associate,4793.564280193477,96835.904662511,61.79850577997297
3,Management,High School,2,Male,Software Engineer,6577.648137046603,77024.68627641512,53.41975918906531
2,Operations,High School,2,Female,Marketing Associate,5625.969209481731,59501.60766490767,31.758063790605988
2,Administration,PhD,1,Male,Manager,7248.753332835979,95654.57761792095,33.706440623995704
4,Administration,High School,3,Male,Software Engineer,8300.372790137395,58276.671720672646,19.27291598846275
2,Sales,Masters,4,Male,Data Scientist,4449.991642643956,77693.56214366191,60.54234369512942
5,Operations,PhD,3,Male,Warehouse Associate,9552.975272453608,89272.00789843874,59.14410113972729
4,Operations,PhD,2,Male,Data Scientist,7487.927282418632,121837.43026775717,32.15908301621789
3,Engineering,Masters,1,Female,IT,5861.859970002519,111555.79442608303,19.262905161082518
2,Sales,College,5,Female,Driver,8411.963361974735,89514.12890427199,47.07917931248872
3,Operations,High School,4,Female,Marketing Associate,8468.264550254167,73692.14103855738,53.81346626611368
4,Engineering,PhD,2,Male,Marketing Associate,3592.932687041582,60877.275396228135,35.89740871733363
2,Operations,College,3,Male,Financial Analyst,5548.098464031138,77609.58398017047,49.938467040521786
4,Operations,Masters,2,Male,Sales Associate,9518.465595098804,133669.70550027135,33.20006526614629
2,Sales,PhD,2,Male,Driver,9060.138740153567,97101.68214363173,37.97809621606335
1,Engineering,College,5,Male,Software Engineer,8405.42770123735,108347.51656141732,53.97045488060863
5,Engineering,Masters,4,Male,Financial Analyst,2948.5090923529365,77010.67349277734,37.08778554628768
1,Operations,PhD,3,Male,IT,2785.0354438230434,106736.47775654076,48.12942667202544
2,Sales,College,3,Female,Marketing Associate,9430.620393260335,127146.6801014095,52.01537830217184
4,Operations,Masters,4,Male,Graphic Designer,8779.439185346286,109057.14898417462,47.58331589346617
1,Administration,High School,3,Male,Graphic Designer,5666.4933417335415,82915.78512202174,26.302379758900493
1,Engineering,Masters,5,Female,Marketing Associate,6158.23668489937,53094.10196801418,55.62914021618987
4,Administration,High School,3,Female,Warehouse Associate,2750.2530196619905,54266.89641461246,35.005558043535714
5,Operations,PhD,1,Male,Driver,7831.121883952257,72946.39897584292,50.473239707577534
3,Operations,High School,4,Male,Financial Analyst,4249.702295737876,71521.32666737124,64.0586228448799
2,Management,Masters,5,Female,Marketing Associate,8736.768445322048,76756.75583329069,44.118773167621
2,Engineering,College,4,Male,Software Engineer,6575.345208230681,94551.62718593533,51.12007221242288
1,Administration,Masters,5,Male,Manager,7619.520747596995,79411.01791232493,61.61963489587312
3,Sales,College,1,Female,Software Engineer,5580.531372217915,73733.30834213787,64.31393597440542
2,Engineering,PhD,1,Male,Warehouse Associate,5772.925087824577,132046.4780447807,41.95983449478886
3,Engineering,College,5,Female,Sales Associate,5306.885697855217,74916.35769656976,30.926685770785294
5,Engineering,High School,1,Female,Financial Analyst,3577.5401813374,127252.15329102396,29.570843596702627
5,Sales,PhD,3,Male,Graphic Designer,8062.230151447115,67335.47946660726,63.86234901630467
3,Management,PhD,2,Male,Manager,7314.253807997675,106117.56358372176,18.19730411107108
3,Sales,PhD,5,Male,Warehouse Associate,7504.1649363154465,86990.86361183328,19.123314236667703
3,Operations,Masters,4,Female,Marketing Associate,5680.043309216709,66860.86686656148,59.583148661362216
3,Administration,Masters,2,Female,Financial Analyst,4856.411856620838,148745.81114113767,40.02610580276188
2,Operations,College,3,Male,Software Engineer,4520.052187087596,95475.01777166329,49.150444709583624
4,Operations,Masters,1,Male,Graphic Designer,5947.868724561584,98377.61887806778,44.947173946530384
5,Operations,Masters,4,Male,Warehouse Associate,8169.783063129233,126085.37100610937,54.458655960672246
4,Operations,Masters,3,Male,Software Engineer,4365.094424601542,78266.28529015211,56.78608859052713
2,Administration,PhD,3,Female,IT,2765.908684307196,131074.26154850793,49.06489529201595
3,Administration,High School,1,Female,Financial Analyst,7821.481750466697,63701.03179150511,44.9085613234364
5,Management,High School,1,Male,Financial Analyst,9312.216184451541,124865.28997970691,60.505497500269406
5,Management,College,4,Female,Financial Analyst,6458.607859501179,124768.67116177028,23.31066840310558
1,Sales,PhD,2,Male,Software Engineer,3486.1160054318084,87551.10818814399,27.344846796219464
2,Sales,PhD,3,Female,Manager,9143.739326454199,68580.13609294647,52.98273379327686
5,Management,PhD,5,Male,Sales Associate,5691.403709470811,53517.38203698944,21.115145782398272
5,Management,High School,5,Female,Financial Analyst,9850.29937954627,62043.88115566602,53.13354913043536
3,Operations,PhD,2,Male,Software Engineer,4403.828660218916,65753.63287599252,62.599205982262
4,Operations,PhD,5,Female,IT,8232.13875839725,88659.953176952,39.40936566505762
3,Sales,PhD,2,Male,Financial Analyst,8736.438837374491,143880.60444302752,59.14149629268476
2,Management,PhD,1,Female,Sales Associate,3632.096928867277,106266.01616340874,48.173997116516446
1,Engineering,PhD,5,Male,Data Scientist,6535.767243570914,135370.17245744547,33.40967313958902
2,Operations,PhD,2,Female,Financial Analyst,2864.4639651000925,100821.47312282644,43.26403350383233
2,Management,College,4,Male,Graphic Designer,6648.247984424903,63551.38220892215,50.5570512870985
2,Sales,PhD,5,Male,Financial Analyst,7977.6329201915505,102183.45010542532,24.32499806070966
2,Engineering,PhD,1,Female,Sales Associate,6109.097329648084,99942.82216728637,19.20156704772207
4,Operations,High School,1,Male,Data Scientist,8229.623398095813,90947.42850204687,32.12596486097881
1,Sales,PhD,3,Male,Financial Analyst,9092.710294122302,153823.59280673772,26.851511007727332
1,Operations,PhD,1,Female,Data Scientist,5497.059699070579,75847.17700277384,32.48379630416021
1,Operations,PhD,2,Male,Data Scientist,2561.9466600790593,139742.96667670496,54.951866669375484
2,Operations,College,1,Male,Data Scientist,6811.858725786753,79266.28246867188,55.47740674429305
2,Operations,Masters,4,Female,Marketing Associate,6956.366073414445,55058.893242317135,54.44922669910949
2,Operations,Masters,3,Female,Financial Analyst,7125.4638137053025,67747.96306630985,18.639757228879844
1,Operations,High School,2,Female,Manager,6496.7080630099335,106575.7643588588,35.874706401766815
4,Sales,Masters,4,Male,Sales Associate,8248.54585343575,86358.47473894972,22.134072479302795
3,Management,High School,4,Female,Manager,7957.98841170607,108447.24585163112,32.745495286292005
1,Administration,PhD,1,Male,Software Engineer,9113.684192617904,132687.12902644736,32.20728020003312
2,Sales,College,4,Male,Manager,6959.887189552537,107743.09288908368,43.332420699911495
1,Sales,PhD,1,Female,Financial Analyst,2668.106848315742,68450.64076217673,20.300105557655954
1,Engineering,Masters,5,Female,Driver,8485.21403198773,66192.92875871666,31.89099636793426
4,Engineering,PhD,3,Male,Financial Analyst,7305.305534604086,113126.88112627155,25.49717915552812
1,Engineering,Masters,1,Female,Warehouse Associate,6348.870011020039,82202.85784586749,63.26145870635369
4,Sales,Masters,5,Female,Sales Associate,6091.576627616951,57655.31570916746,45.04114251056902
3,Sales,PhD,1,Male,Data Scientist,4305.7386849931,97780.76808610099,57.76011245126233
1,Management,PhD,3,Male,Data Scientist,8241.702557290453,106098.92379735845,61.884619798791086
4,Sales,Masters,2,Male,Data Scientist,5344.195742693437,63243.26616116581,44.75259237755533
3,Engineering,College,1,Male,Graphic Designer,7126.949383391253,96649.38753989444,21.511649016235676
5,Management,Masters,5,Female,IT,6875.873936719545,73752.78528273082,65.41523413504098
4,Administration,College,1,Male,Financial Analyst,4643.432207607051,65029.576009899865,53.92648410630535
4,Operations,Masters,5,Female,Marketing Associate,5090.038119303017,77184.24698179199,37.46553140241394
5,Administration,High School,1,Female,Marketing Associate,8093.203670850018,132648.64139535508,53.52557666804073
4,Management,Masters,1,Female,Manager,5225.264040309313,90654.35551673385,18.517874827722363
3,Operations,Masters,3,Female,Warehouse Associate,4444.285863554815,128836.38880663094,63.73313265069574
2,Administration,PhD,5,Female,Financial Analyst,8634.215499224823,100333.90179918522,34.38327056807557
3,Sales,High School,4,Female,Data Scientist,5034.251218822228,115871.6527742316,55.20529079501356
5,Sales,Masters,4,Female,Marketing Associate,5539.623241943953,144516.35496331446,62.24463548688519
5,Administration,PhD,5,Female,Warehouse Associate,10588.563524786436,97814.16357783957,56.00970123782401
1,Engineering,PhD,2,Female,IT,5221.227242399702,59988.85065345148,49.2095115347272
1,Engineering,Masters,3,Male,Warehouse Associate,7525.6090717525585,71296.31073783962,31.80973781139363
2,Operations,PhD,4,Male,Driver,8641.304366385584,89838.94012698017,25.871582096226362
3,Operations,High School,1,Male,Manager,7293.556663005904,123004.48689076274,64.62344590879978
4,Administration,College,2,Male,Manager,3930.914013998938,106590.31478719652,39.40966086401681
5,Sales,High School,3,Female,Marketing Associate,3861.3596307602556,49300.12586666434,37.36442336272553
4,Management,PhD,2,Female,Marketing Associate,2772.7322624272338,107795.38963342058,55.776586014996475
4,Sales,Masters,1,Male,Graphic Designer,6303.234882403314,74292.03822447335,31.724059412883598
5,Management,Masters,2,Male,Sales Associate,6513.058160030256,76931.84783014437,25.16883976527233
1,Sales,College,2,Male,Sales Associate,6113.311436809017,49247.64636717041,24.46443405070345
4,Sales,College,5,Female,Marketing Associate,9238.23688030106,91067.94966530177,42.13995942547708
5,Management,High School,3,Male,Warehouse Associate,7204.575503696953,117672.61055375115,56.026752734690966
5,Operations,High School,1,Female,Graphic Designer,9366.485866126895,136456.81309388895,61.483207769075335
2,Management,High School,4,Male,Graphic Designer,8425.227769427744,73779.27238251585,30.414688178284585
3,Management,High School,4,Male,Software Engineer,8720.074421689756,71958.44097895084,51.66001285609384
5,Engineering,Masters,3,Male,Driver,7561.408778916188,112014.13391794523,39.48860156267002
4,Administration,College,1,Male,Software Engineer,8290.759192110962,97355.70493224797,32.60693676374507
3,Engineering,PhD,4,Male,Driver,5982.11953330002,77584.81944610622,41.10228233367064
4,Administration,High School,4,Male,Financial Analyst,6821.02730095154,82495.87079233283,55.40142226069403
5,Administration,College,2,Female,Graphic Designer,4839.432349636798,121038.13333446496,56.05062790430523
4,Administration,PhD,1,Male,Data Scientist,6946.788677686696,70367.96652751962,27.014782947167934
4,Management,Masters,5,Male,Data Scientist,5839.7541493035515,89659.52903152691,23.832717901243033
2,Engineering,PhD,1,Female,Driver,5627.878871040961,54846.94968484826,54.84527544081582
3,Administration,PhD,3,Male,Warehouse Associate,6208.6534244797585,107741.6854922042,19.386365552317034
5,Management,PhD,4,Male,Warehouse Associate,8154.086084735634,112280.21833257122,35.450720652336415
3,Sales,Masters,5,Female,Financial Analyst,5035.677810026018,76827.9028594562,18.946766493781052
2,Management,College,1,Male,Software Engineer,5928.945168576709,161098.00760280696,53.95897537161035
1,Management,High School,5,Male,Manager,8837.612254586236,86461.8427962683,37.368308035874264
2,Operations,PhD,4,Female,IT,6854.548306826358,60221.49711304492,26.160119837412275
1,Engineering,High School,3,Male,Driver,4761.630004969549,100715.22184246036,31.993433536667794
2,Sales,PhD,2,Female,Financial Analyst,5780.204973047812,92193.81927438678,59.54584524146989
1,Management,High School,5,Male,Software Engineer,8189.795385229083,121681.0755991695,52.540702758705514
5,Engineering,Masters,4,Male,Graphic Designer,2821.9179780113773,128383.9793454156,41.58207105855658
3,Administration,High School,1,Male,Financial Analyst,6385.613802983404,133660.6129231204,26.76144299347974
5,Sales,College,5,Male,Software Engineer,3414.7795538872783,125909.09303750198,61.38752770179393
1,Sales,Masters,1,Female,Data Scientist,8898.952361761465,97769.37520436295,61.97780927459404
4,Administration,Masters,4,Female,Marketing Associate,3256.0769443987865,83996.08510615298,32.081116192407194
2,Administration,High School,2,Male,Software Engineer,6933.106951344074,116857.06557686908,36.9721652902818
4,Engineering,College,1,Male,IT,3599.3216215152547,59460.85028280764,38.92772418131352
4,Administration,PhD,1,Male,Driver,4619.165631756185,108271.32708990427,36.92140900634901
2,Operations,College,1,Female,IT,9543.710261361794,104295.58257007932,32.41235703098815
2,Sales,PhD,3,Male,Software Engineer,4697.167658647426,128054.75666611211,63.267175480935926
4,Sales,PhD,3,Male,Software Engineer,5204.251525423357,106804.57886906805,63.182078658844326
4,Administration,College,2,Female,Marketing Associate,3772.1924624549392,101296.92021589608,62.22031512576572
4,Sales,Masters,5,Female,Financial Analyst,6110.257157062724,102742.90442680912,23.506165970091672
5,Administration,College,4,Female,Financial Analyst,8043.495784494915,103642.91731753024,47.75964441488917
1,Management,Masters,5,Female,Data Scientist,3649.277872886726,76448.39633818806,51.03963609675169
2,Operations,Masters,1,Female,Marketing Associate,6726.334196466301,82640.89669407571,64.18941373695074
3,Management,Masters,4,Male,Software Engineer,7252.260322096503,135462.7957091885,61.88977621777062
4,Management,High School,3,Male,Software Engineer,3982.4832026563854,121411.4994711717,56.414131458523556
5,Operations,High School,4,Male,Software Engineer,8040.536043129552,82566.71018118053,43.32946148121786
5,Management,College,4,Male,Software Engineer,9635.110128568056,135853.70290878415,45.397002979897465
4,Engineering,College,2,Male,Warehouse Associate,4536.07171259313,69611.66844697631,34.93400680055133
5,Management,High School,1,Female,Graphic Designer,8781.285836040399,101298.02088774496,64.19863180388441
5,Engineering,PhD,3,Male,Software Engineer,10596.619930548097,95406.0092018278,50.54462861815074
5,Engineering,PhD,1,Male,Driver,7339.176428073481,96280.42307613316,26.348996955734126
5,Management,Masters,1,Male,Manager,8265.474572280138,77151.43231031016,28.666736651073613
1,Engineering,Masters,2,Female,Graphic Designer,5913.998732865017,55229.06010107357,20.96123176983785
1,Sales,College,2,Male,Software Engineer,3353.8298269884344,40073.19371234191,30.245465444389765
3,Management,High School,5,Female,Sales Associate,9330.48848134269,77239.5870715636,48.80006372479988
1,Administration,High School,3,Male,Financial Analyst,2110.931395403373,117895.85037828154,56.315646285304794
5,Sales,Masters,4,Male,Graphic Designer,3427.636848010733,123372.61018698603,42.77279390726145
2,Management,High School,5,Male,IT,8823.889239564121,81716.3527921192,24.728443972952995
3,Engineering,PhD,3,Male,Sales Associate,5859.066267611184,88466.62847246474,49.77914021072371
2,Engineering,College,1,Male,Sales Associate,4919.467017978057,89580.21803598735,42.22486176041224
5,Administration,College,2,Female,Financial Analyst,7883.633192817249,105016.0159177715,38.23403912963271
1,Engineering,College,2,Male,Graphic Designer,3438.238600061175,52562.7701609715,51.67682268456039
1,Management,High School,5,Male,Data Scientist,9145.392422923189,66388.57813572255,52.58400097670874
4,Administration,PhD,2,Female,Graphic Designer,6982.188259797096,83382.91443661776,26.845256732064044
2,Engineering,PhD,5,Female,Graphic Designer,6660.9861601260745,118144.44254650717,29.6629279743648
4,Operations,PhD,1,Male,Warehouse Associate,6300.206326571793,114799.60010904305,54.196111448473516
1,Operations,College,1,Male,Manager,9213.532884490845,94889.34014342359,55.066030404864605
5,Operations,Masters,4,Female,Marketing Associate,5702.93374066706,66625.2831849965,25.689907260364603
2,Administration,High School,1,Male,Software Engineer,9573.187669456522,122794.86141037081,34.816887912489705
1,Operations,PhD,2,Male,Financial Analyst,6439.553199958185,80138.69100224825,32.64015424997092
1,Sales,College,1,Female,Marketing Associate,5190.568094715378,130880.75617077926,63.896842987502154
5,Operations,High School,1,Male,Driver,5711.818300959467,61549.34390014294,55.13034664322339
5,Administration,College,1,Male,Software Engineer,8270.545096481823,97698.88797189906,21.239132371230717
4,Management,Masters,2,Female,Sales Associate,9033.741681143852,70720.81575315724,56.162631590483414
1,Management,High School,4,Female,Warehouse Associate,4014.6284546099682,80242.18134270603,32.95556795433868
4,Operations,Masters,5,Female,Driver,3570.4615832458035,62363.469526113746,21.936319570122333
4,Operations,College,1,Male,Financial Analyst,4083.861068855104,91273.6620948604,22.12261804376318
2,Engineering,High School,2,Male,Manager,5552.766787709057,72701.13833535004,54.637703242726
1,Management,High School,3,Male,Software Engineer,8949.023771404612,80311.06051557351,27.695332807699494
3,Operations,Masters,2,Male,Sales Associate,7690.758510137572,96316.55179001088,38.243817219014616
4,Management,Masters,2,Male,Warehouse Associate,2367.692210299555,105088.31366806859,40.62796568424509
2,Sales,PhD,3,Male,Financial Analyst,3058.1752581139544,147534.5450356959,19.449524579675654
2,Operations,PhD,4,Male,Sales Associate,9959.947041727311,75002.44293502969,40.644013548598295
5,Administration,High School,2,Female,Marketing Associate,5790.597830560878,93253.08886572995,61.263061171745925
1,Management,PhD,5,Female,Marketing Associate,8015.488299975352,50204.35985787254,56.85300851081942
2,Administration,Masters,3,Male,Warehouse Associate,8250.704762128094,52794.3334004128,40.80259769466483
5,Operations,High School,5,Female,Data Scientist,5400.439076753048,67841.34260351564,48.41345448297382
5,Operations,College,2,Female,Marketing Associate,5856.109136432318,95374.25078547336,20.247495472886317
4,Management,High School,3,Male,IT,8027.392280115375,83374.91561756517,55.393590063042595
5,Administration,Masters,3,Male,Warehouse Associate,7783.197417640295,95298.93762717949,38.52414697890018
2,Operations,Masters,5,Female,Graphic Designer,5066.519815814066,57784.40768198225,29.844083808636867
3,Sales,Masters,4,Male,Software Engineer,9977.712470960372,81377.9198058,33.93000400554605
3,Management,High School,3,Male,Manager,5541.786204734108,116838.07293944606,40.86455806569691
1,Management,PhD,4,Male,Data Scientist,7227.637059960303,87504.15184471718,42.38484206391027
2,Management,Masters,5,Male,Warehouse Associate,5696.142636065682,97248.27623793302,24.276365347790794
4,Administration,College,5,Female,Software Engineer,4895.728465210015,128601.25704170698,20.08353441353219
4,Administration,High School,1,Female,Warehouse Associate,7547.496690787484,47064.15180240436,39.7249487014371
1,Administration,PhD,2,Male,Warehouse Associate,4264.228358296845,89683.6045287449,48.45530069610756
3,Administration,Masters,3,Female,IT,3286.5519214796864,60006.62176548451,53.45439307538199
2,Operations,PhD,1,Male,Data Scientist,4247.283284237314,59516.94141393595,19.35413394169981
3,Engineering,High School,2,Male,IT,3588.9546669888505,116108.36927023152,40.52223017592002
5,Administration,PhD,3,Female,Graphic Designer,8736.061470201557,146822.48540483325,54.98062984907054
3,Administration,PhD,4,Male,IT,5123.873806914347,78865.36566905073,25.70134711255178
4,Sales,High School,2,Female,Warehouse Associate,3684.5857862669627,82561.58014834003,63.011372391714445
1,Management,College,3,Male,IT,2897.709886171185,108206.8292277589,18.55618206152376
4,Sales,High School,4,Male,Financial Analyst,5608.852011249546,111479.42802817312,45.99369163350084
3,Administration,PhD,2,Female,Manager,3829.1265919678044,101064.75249042902,17.72079461492356
5,Sales,High School,1,Male,Graphic Designer,8009.821272038682,113573.35202504405,61.45131277349233
4,Management,PhD,4,Male,IT,7408.304388039403,116411.78485680062,20.908677097147642
1,Administration,Masters,5,Male,Marketing Associate,7896.691736828885,89599.80304569812,18.951265112840424
1,Administration,Masters,4,Female,Sales Associate,4282.675946134293,114326.36126690578,31.351572614950882
2,Operations,PhD,2,Female,Financial Analyst,5478.377525438063,91414.46221655363,61.734822687021435
4,Operations,Masters,3,Male,Manager,7188.111040805814,36800.78297624449,60.03014099180132
2,Operations,PhD,3,Female,Marketing Associate,9563.350450320115,129739.46131591231,17.883453408782316
1,Sales,PhD,1,Female,IT,5220.109908330485,130055.08543909584,37.989518303027594
4,Engineering,Masters,3,Female,Marketing Associate,3922.9566975820862,93258.34343631535,57.93198725588688
3,Administration,PhD,5,Female,Data Scientist,6302.673679474252,72482.47019230864,23.865457883518136
4,Operations,PhD,3,Male,Manager,9226.879515863373,119459.61445650212,49.128865955693556
3,Operations,Masters,4,Male,Financial Analyst,8136.138010818078,105711.54895814056,31.448744108018374
1,Management,High School,3,Female,Warehouse Associate,9805.375270246715,104692.99103462673,38.97096193171559
1,Operations,College,4,Male,Manager,6539.049537388626,101390.15475850202,47.779412307951375
5,Engineering,College,4,Female,Warehouse Associate,4421.4013569012795,87730.7653601575,26.49572377146322
1,Operations,PhD,3,Male,Sales Associate,7410.956917414782,116032.64916489138,59.17371621883927
3,Administration,PhD,2,Male,Software Engineer,8373.629006956528,132630.97797528846,21.931248109191632
3,Management,PhD,3,Female,Graphic Designer,3530.8429391694917,101089.38489895244,48.757177952635445
4,Management,Masters,2,Female,Driver,7674.995506913969,83644.05711743241,20.983968219021115
1,Operations,PhD,3,Male,Manager,7669.185008310962,104927.16644193865,45.51807715019627
1,Management,Masters,1,Female,Marketing Associate,3210.075668644171,133624.350603285,38.39751149069683
5,Administration,High School,4,Male,Manager,2818.1781353039746,87248.33920832144,59.705597770939136
2,Management,High School,2,Male,Data Scientist,7625.534499028072,111608.03501766566,64.48804863525407
5,Management,High School,4,Male,Graphic Designer,8666.253479303994,88477.04035519548,56.17161586920886
2,Management,Masters,4,Male,Software Engineer,3945.8296249181653,91890.15913133627,44.567089436053436
1,Engineering,PhD,4,Male,Software Engineer,8565.15345180023,84680.32250086493,51.135469561289796
5,Sales,Masters,4,Male,Software Engineer,2876.5134733053046,108664.61464831857,54.18985673564876
4,Administration,PhD,3,Female,Sales Associate,9908.550945586236,84960.95350376004,60.664563429673905
5,Engineering,Masters,2,Male,Warehouse Associate,7150.267705811821,88243.81851354335,31.2258157803123
1,Engineering,Masters,4,Female,Financial Analyst,7135.813660344173,91152.70814967774,55.41912275036357
3,Operations,College,5,Male,Manager,5071.0555883787465,90697.70699539913,28.185097727391557
2,Sales,College,5,Female,Manager,7014.898614311605,123572.03671552468,60.680680794106735
4,Operations,Masters,3,Female,Marketing Associate,4983.923951118975,86893.42252009001,37.33422662183861
5,Engineering,PhD,5,Male,Sales Associate,5760.756122712593,87509.46478413268,41.21946697129479
1,Administration,Masters,2,Male,Sales Associate,5226.712313714613,101310.74834441376,64.20621974230205
2,Operations,High School,1,Male,Driver,10101.912696925832,82320.80967781204,51.834522911417764
5,Engineering,High School,2,Male,Manager,2235.1303770362865,110723.78682082896,39.899363221287345
5,Management,High School,2,Male,Warehouse Associate,4429.027439644304,120825.4487252895,54.48396910681173
2,Administration,College,2,Female,Data Scientist,2038.1854965167622,72944.33627140446,23.947025108470203
1,Sales,College,1,Female,Warehouse Associate,9009.900840701233,67052.76850740807,31.72209514010774
1,Operations,PhD,1,Male,Driver,10296.987827668097,88705.05307718238,36.55794827669747
2,Administration,High School,1,Female,Data Scientist,8073.866883638419,42260.112183048885,61.67318202386804
5,Administration,High School,5,Male,Data Scientist,7788.604411186081,139927.34054190523,62.78019818880295
5,Sales,Masters,2,Female,Marketing Associate,8160.993886376798,90142.10964282755,19.563181098922296
5,Operations,PhD,4,Male,Sales Associate,7224.913481919497,104145.807970345,30.717615577539714
5,Management,College,5,Male,Software Engineer,5891.061535800909,93825.8514637371,28.5780042206273
1,Administration,PhD,4,Male,IT,7993.83269684036,69014.92762457297,44.937716425119746
1,Engineering,High School,1,Female,Marketing Associate,7744.601275869783,77643.34616820418,42.76128738905196
1,Management,High School,3,Female,Marketing Associate,7176.64254584117,67392.52817126784,27.624033780025414
1,Management,High School,5,Male,IT,7275.329760206316,139792.04595984623,40.04351490555479
4,Operations,PhD,2,Female,Driver,9513.094927479,151320.0521112071,20.195254620307953
4,Administration,High School,4,Male,Software Engineer,8942.895034660367,76148.28014488668,40.857640507304325
2,Management,High School,3,Male,IT,6460.691298263377,149630.59864004355,36.315151933685726
2,Operations,High School,4,Female,Data Scientist,9727.660130949685,101843.24073048416,63.640069593818225
3,Engineering,PhD,2,Female,Marketing Associate,7496.98157340288,66104.72180880122,17.903806416991507
5,Engineering,PhD,5,Male,Software Engineer,8850.407354705812,53180.50852689135,47.78800286767705
1,Administration,Masters,1,Female,IT,5689.650350526316,141082.91144233829,58.573573321865
3,Administration,Masters,4,Male,Software Engineer,2184.939752527913,95022.95263204657,30.395906047714256
1,Operations,Masters,3,Female,Sales Associate,7525.578522243135,91364.70568071496,56.234833367320775
3,Sales,Masters,1,Female,Graphic Designer,4548.166165263558,124742.22172584146,63.75586293482394
1,Operations,College,2,Male,Software Engineer,9954.585105986716,123879.011927417,47.60088902063235
5,Operations,High School,1,Male,Data Scientist,4042.8135431731116,133055.88437958417,43.54956741227197
2,Sales,Masters,3,Female,Warehouse Associate,7563.153000593822,155243.3000851365,20.005979650369863
3,Sales,High School,3,Female,Financial Analyst,8321.750655948395,59451.77541358511,41.75285492415447
5,Engineering,Masters,4,Female,Driver,6877.07984989467,93513.6464184158,33.782138609567085
2,Engineering,High School,4,Male,IT,8333.12989635979,88954.21189459992,57.09593131408126
3,Sales,College,1,Male,IT,4474.053792224596,89840.21512896588,25.862558175487578
5,Administration,High School,5,Male,Warehouse Associate,7170.686718425435,98766.1066360008,54.703101715592496
1,Administration,High School,2,Male,IT,3691.9731781137543,87762.6187576957,23.813941240757945
5,Administration,High School,5,Female,Financial Analyst,3676.1418369046182,90523.01726165843,33.52411343041679
3,Sales,College,5,Female,IT,6802.141944281293,70622.50167537662,53.4828912232273
3,Operations,College,3,Male,Warehouse Associate,8733.716776532414,109714.07942108533,51.95424207022742
1,Sales,PhD,2,Female,Data Scientist,5901.885133344593,141707.82409390993,20.37561429885844
4,Administration,High School,5,Male,Data Scientist,8379.758150613257,70453.64337330918,35.0771590729079
3,Sales,High School,5,Male,Graphic Designer,6945.752388680949,103310.77391696363,38.76363812816642
1,Management,College,4,Female,Financial Analyst,4182.800354097501,127859.02012704611,31.29407457308487
5,Engineering,Masters,5,Female,Data Scientist,9295.460310557823,62712.27149630966,47.84293461284271
4,Operations,Masters,4,Male,Graphic Designer,8797.536857885025,68370.20552177845,47.59629219103
2,Administration,High School,3,Female,Driver,6128.412072894012,118739.11852034106,40.79392604744889
2,Operations,College,3,Female,Data Scientist,9671.917491747112,110353.66980145339,54.87212518841318
5,Sales,PhD,1,Female,Driver,10672.263372631633,74948.51537747074,22.388280811351798
1,Engineering,Masters,2,Female,Sales Associate,4178.707475476842,146898.2935871789,24.20849480775089
1,Sales,PhD,5,Female,Warehouse Associate,3721.589651950643,117734.61142339403,23.132588158003237
5,Administration,High School,3,Female,Graphic Designer,6074.10706794808,58814.72984126052,63.901628762388796
5,Administration,PhD,5,Female,Marketing Associate,7604.442603165669,110298.2578501604,59.87697042089234
3,Management,High School,4,Male,Data Scientist,3895.8806568644454,121237.93901938424,23.524977757794474
1,Operations,Masters,3,Male,Warehouse Associate,6777.4406215036615,97573.10981548004,53.543764329118474
1,Operations,PhD,5,Female,Driver,9859.768773723441,76235.44952923607,47.32780645356283
2,Operations,High School,5,Male,Financial Analyst,7982.289876056768,116907.87211656793,58.20185358998698
5,Sales,Masters,5,Male,Driver,4543.434976854549,117503.94804039749,45.039135492220105
5,Operations,PhD,5,Male,Manager,6955.727478471739,73872.32803168533,37.06374186704957
4,Sales,High School,4,Male,Manager,5685.716996004521,91070.17217896676,60.65684012700803
4,Management,High School,1,Male,Manager,4285.820000157385,84553.6514143254,55.190225127867635
4,Management,Masters,3,Male,Financial Analyst,8404.074278727245,105852.02594665195,59.85567419225707
1,Management,High School,5,Male,Data Scientist,1967.9868004228947,125080.54682861178,25.69391622802494
1,Administration,Masters,4,Female,Manager,9251.016101900885,82498.23094878356,25.119356700108067
2,Administration,Masters,3,Male,Software Engineer,6017.4005531017465,83340.01712792154,60.89090937823008
1,Sales,High School,4,Male,Manager,9113.456365650205,103228.40463847341,51.69682396020203
4,Engineering,Masters,2,Male,Manager,5604.355150699368,99131.3264642667,60.52505902036293
1,Management,PhD,2,Female,Marketing Associate,6409.392181129633,61385.474986534224,49.625655437353906
5,Operations,PhD,2,Female,Software Engineer,4341.4695158271115,84647.98927526132,23.71763812600129
5,Sales,PhD,1,Male,Warehouse Associate,4415.474802464979,66053.65488391244,46.723958225128605
1,Operations,College,5,Male,Warehouse Associate,8630.319042760058,98478.46548293871,43.34092631210997
2,Administration,PhD,5,Male,Sales Associate,6190.1431118671135,124876.86842758062,35.39968294809433
3,Sales,High School,1,Female,Sales Associate,3339.7546982401045,112481.11118215873,23.435325214056
2,Administration,College,3,Male,Data Scientist,5462.125787697994,85970.14553921885,58.31254961242179
1,Administration,Masters,3,Female,Graphic Designer,6189.65973164268,77616.80112483572,59.55810621928376
1,Operations,College,5,Female,Marketing Associate,5274.230904256892,91530.72021813798,53.22644753832468
5,Management,Masters,4,Female,Data Scientist,5848.459254666337,102494.56340715586,61.17915568906206
5,Engineering,High School,3,Male,Marketing Associate,3895.542733003552,100776.65012742166,59.503552850186054
3,Administration,PhD,3,Female,Driver,8311.625245657784,34961.83301905359,43.3958361240349
3,Administration,Masters,5,Female,Sales Associate,8764.55254343573,135983.93655760676,25.684002915778645
3,Management,High School,4,Male,Manager,2836.031470128939,99517.20041423487,38.97988078049285
5,Sales,PhD,2,Female,Data Scientist,8088.780740395574,83747.70243382672,27.666944878527147
3,Operations,High School,4,Male,Warehouse Associate,7227.549314496331,69849.03601564316,27.266377729559537
5,Engineering,PhD,4,Male,Graphic Designer,5102.800736285587,134243.81194444952,54.80263921576514
1,Operations,PhD,1,Male,Marketing Associate,5758.17186485455,135929.75497734544,62.863916120501976
2,Operations,College,1,Male,Warehouse Associate,8308.231601476184,108332.54805875689,45.97595263610654
3,Engineering,College,3,Female,Graphic Designer,8143.297774755107,98829.3037864694,33.99554014838926
4,Engineering,Masters,3,Male,Warehouse Associate,7181.895437163366,134354.9794279133,38.93078405191655
1,Engineering,Masters,4,Female,Marketing Associate,4616.9691058800745,108736.26379224953,60.07746349911355
2,Sales,Masters,1,Male,Financial Analyst,7857.518960701775,86520.35515660011,29.417122464739563
4,Operations,High School,5,Male,Financial Analyst,2727.134759744387,150061.2304264342,55.456921060640745
3,Sales,PhD,4,Female,Driver,4812.360212573627,67761.93157129406,24.253554367140506
2,Sales,High School,3,Female,Graphic Designer,4761.999086153151,131468.59040492182,24.25213978242879
5,Administration,High School,5,Male,IT,9678.847368888917,103816.11298520514,28.81946278123189
3,Administration,High School,4,Female,Data Scientist,7251.654424611796,75954.09085349068,26.865465416193715
5,Sales,High School,3,Female,Driver,6067.521184366775,70698.08967489279,29.060203847485038
3,Sales,College,4,Male,Driver,5482.663258986839,88505.51766690273,28.417020912865453
2,Management,Masters,2,Male,Manager,5413.677540786453,102730.05396354731,34.133548992583165
3,Sales,College,2,Male,Graphic Designer,7125.4168619583215,62128.53350194747,44.16748640138441
5,Engineering,College,5,Male,Driver,8763.765394700358,67196.40723180286,53.90140875326833
5,Management,High School,4,Female,Driver,6588.927564770145,92937.33134203982,39.57270473380346
1,Operations,PhD,5,Female,Sales Associate,6860.735959181668,119348.81106161866,40.291747245341334
2,Operations,College,1,Female,Warehouse Associate,2248.6533296941516,142836.4529707028,22.104153351911357
2,Operations,High School,5,Male,Warehouse Associate,5958.275355390635,128785.63320248398,18.594550200933483
1,Operations,High School,2,Male,Driver,4907.062955430672,89976.57068919242,63.890196318560136
1,Administration,College,5,Male,Financial Analyst,6534.60745863559,77460.82683424721,34.97693267759807
3,Management,College,5,Female,Software Engineer,5951.831702759246,78998.31142504884,26.516613578122254
5,Sales,High School,5,Female,IT,6874.711703736963,83694.09139436253,55.527814582157156
2,Administration,College,5,Male,Financial Analyst,8184.724197222211,92706.0796222548,32.00841433143727
5,Operations,PhD,4,Male,Graphic Designer,6121.420401288144,133100.19672575063,46.77544621859512
3,Administration,Masters,5,Female,Marketing Associate,2050.071420929773,91952.0230206585,37.48398069849433
1,Engineering,High School,2,Female,IT,9168.790729209464,104481.27548817068,34.533089880220174
3,Sales,College,3,Male,Software Engineer,6595.824030031434,104979.40159964484,25.11380175425439
3,Management,PhD,4,Female,Marketing Associate,4787.97014822656,107753.75712753966,44.69421061530504
4,Administration,College,2,Male,Manager,4475.816107792772,70534.5701241756,34.07256395076805
2,Administration,PhD,2,Female,Marketing Associate,6136.928539089189,85003.742134159,48.03073318147289
2,Management,College,5,Male,Software Engineer,9322.66601636023,125003.9371697524,49.493624171647674
3,Management,High School,1,Female,Driver,6120.8799137998085,114894.15350070404,32.18500651061773
2,Engineering,High School,5,Female,Graphic Designer,4466.928433112318,136064.4961011308,56.01542599470414
4,Administration,Masters,5,Female,Marketing Associate,5903.760142676447,86910.36315226142,31.542620760521764
2,Operations,High School,3,Female,Financial Analyst,6050.218691490138,97969.3294443062,37.35822209658445
2,Engineering,College,4,Female,Financial Analyst,2539.2565283944396,100079.29789740307,54.28359494534341
5,Administration,PhD,2,Male,Graphic Designer,6547.702234800365,132982.0081740526,24.702099541781763
4,Management,PhD,1,Female,Data Scientist,7761.0596733157745,56453.57557880496,37.697336602845645
5,Management,High School,3,Female,IT,5101.893853277969,77695.8135361286,45.02794078114795
3,Operations,High School,4,Male,Data Scientist,7017.423904628138,144534.6639199387,63.36273510036228
3,Administration,Masters,4,Male,Software Engineer,6859.137836201215,65080.27629991951,56.08330018294342
1,Management,PhD,4,Male,Sales Associate,4988.246179945176,120584.42639096375,28.870032629560477
1,Operations,Masters,2,Female,Graphic Designer,4838.410176485144,73449.68518417132,43.451756379365335
3,Management,PhD,2,Male,IT,3080.00483488595,91166.83549930621,30.445507131722977
3,Administration,PhD,4,Female,Software Engineer,7428.87933702896,45686.51227828165,19.294523979785072
1,Sales,Masters,1,Male,Data Scientist,5582.466344128281,76677.36383305679,57.3556702322208
1,Engineering,Masters,1,Male,Sales Associate,9764.343026371205,97190.61507226356,50.36863139348975
1,Operations,High School,4,Male,Software Engineer,4241.3632347915,114664.66600701222,55.42918056462214
4,Engineering,High School,3,Female,Warehouse Associate,8052.867074924699,78084.04046276162,61.7615073906166
3,Operations,High School,2,Female,Manager,8403.179480717628,99348.30254751924,58.6840552171541
3,Sales,College,3,Male,Graphic Designer,5179.471230294927,127549.67180160739,45.61152851359299
4,Operations,Masters,3,Male,Software Engineer,8779.451598844844,122933.91850368991,28.974581433790007
3,Sales,High School,1,Female,Warehouse Associate,5037.659688370205,129538.2497520238,39.70247707470634
3,Engineering,High School,1,Female,Software Engineer,4242.141325859625,71070.76433822418,42.48804334895412
3,Management,College,2,Male,Graphic Designer,3498.7531550314143,112632.20197644344,58.797155843029486
5,Engineering,PhD,3,Male,Manager,8795.641954084625,128171.93522585325,20.633540991655174
4,Operations,PhD,2,Male,IT,6489.596479568976,147783.54278765115,27.47615262980247
5,Operations,College,5,Female,Graphic Designer,6856.424699670593,88175.23554556465,20.22629999579119
4,Sales,Masters,3,Male,IT,9327.797088870759,124013.62757178542,50.68019657848242
1,Administration,High School,4,Male,Data Scientist,7950.344077166719,148886.9301221631,60.68969852472881
1,Sales,Masters,5,Male,Software Engineer,5975.619209019227,93879.13849163693,26.585794397295643
2,Engineering,PhD,1,Female,Data Scientist,6291.620584597453,113177.7486150679,40.12868344846238
2,Engineering,High School,4,Male,Software Engineer,9069.500069630774,41472.08199050777,41.784508779311494
3,Sales,High School,3,Female,Driver,6786.214343164602,44304.477936938216,40.932534785986775
4,Engineering,PhD,2,Female,Warehouse Associate,7522.801914007954,119786.47555668539,42.84610467645021
3,Administration,High School,2,Male,Data Scientist,6293.665406989889,55733.3742646312,60.92719104908307
2,Administration,Masters,4,Male,Software Engineer,5339.162551893789,79202.19095876835,51.26838383788963
3,Operations,Masters,1,Female,Warehouse Associate,5258.380754081394,60483.01614544016,19.57277495550206
3,Management,PhD,5,Female,Driver,7505.841168725994,82941.32322545457,24.263890026809328
1,Sales,High School,4,Male,IT,6182.112617222958,69772.99362453698,52.78220014253198
2,Administration,High School,5,Male,Software Engineer,4527.009755714173,68138.37523771888,24.34255935712588
1,Sales,High School,5,Male,IT,6169.295508377374,126064.78875748091,53.7866012695491
3,Engineering,PhD,1,Male,Software Engineer,4553.092769294181,93282.70556323204,40.40024028482247
1,Administration,College,4,Male,Sales Associate,8865.673590387763,119070.03217977029,49.48394570910246
4,Administration,Masters,2,Male,IT,7530.725079715674,123805.27632535431,19.81935884865554
2,Administration,Masters,4,Male,Software Engineer,4191.98058928711,77617.3312682408,24.25929560375129
3,Operations,PhD,2,Female,Marketing Associate,5821.9393563138,113812.93716098902,54.9023225548149
4,Sales,Masters,2,Male,IT,9328.901227166298,126942.32326036047,19.55688588782749
5,Operations,Masters,2,Male,Financial Analyst,9094.315740765704,122100.14188421027,36.279241330374276
1,Management,High School,2,Male,Warehouse Associate,6959.911341674097,108968.70019237149,62.73637945874311
3,Operations,College,2,Female,Marketing Associate,8533.272227821524,80981.17323030993,61.53453543200722
2,Sales,High School,3,Female,Marketing Associate,3413.371811785034,62909.827836663295,39.505321272765
4,Engineering,Masters,2,Male,Driver,9305.008821264548,94574.2715108091,65.08439563390672
5,Operations,High School,3,Female,Data Scientist,9044.465369180465,110190.64674529349,22.876950742530198
4,Administration,Masters,3,Male,Manager,3539.748245412017,123186.81108561471,58.117509672566555
4,Administration,College,2,Male,Financial Analyst,8182.541863825123,93210.6029542598,53.93239100936428
3,Administration,PhD,2,Female,Marketing Associate,8182.054125598452,92955.4867038973,48.82845464066519
4,Sales,PhD,5,Female,Financial Analyst,4975.143709652917,73883.36740145981,51.52195486721877
5,Management,High School,1,Male,Data Scientist,8033.184809860726,121343.93063148079,29.88655249610896
3,Sales,High School,5,Female,Warehouse Associate,9541.520597322635,110295.4037302567,36.94809032221944
4,Operations,PhD,1,Female,Driver,3519.9287760693524,112628.10145709314,51.71990473238766
4,Engineering,Masters,3,Male,IT,9466.919894882563,61178.93028344297,54.932700082938325
5,Management,PhD,4,Female,Financial Analyst,4711.817904580801,59478.87840882829,61.537049577307165
4,Operations,Masters,5,Male,Warehouse Associate,5276.702013412198,94149.29044974128,61.67229016177592
4,Management,College,5,Female,Warehouse Associate,5832.825991655192,65331.87720921084,49.71373449272848
3,Management,Masters,4,Male,Software Engineer,4861.022862797801,121521.42643772165,39.439703813501495
3,Administration,College,4,Female,Financial Analyst,8920.696642246352,58627.616337529194,56.414701666158464
3,Sales,College,3,Female,Warehouse Associate,5448.132907795604,95146.11863886836,46.45341000685421
3,Engineering,High School,1,Male,Data Scientist,6576.473060749933,111639.97616818492,23.404437200989335
1,Operations,College,1,Female,Marketing Associate,4781.718121721744,69144.80125171845,64.19920352249765
3,Engineering,Masters,5,Male,Financial Analyst,6066.528904620578,119930.28971326837,25.558892600271665
1,Administration,High School,4,Male,Manager,3068.6539468163437,106899.69825596688,30.195259561522843
1,Administration,Masters,2,Male,Software Engineer,6120.468653133998,65601.40732529685,22.307916827164306
2,Engineering,Masters,3,Male,Sales Associate,6831.994530418289,117701.74819230636,51.490392035736775
2,Engineering,College,4,Female,Driver,5348.24882335724,70784.49626696549,27.328098855106926
3,Management,High School,4,Male,Data Scientist,6592.2519838648805,102473.95323697076,43.595108322744316
2,Management,PhD,5,Female,Driver,2880.602765903236,95899.26782200506,64.89465287562541
3,Sales,PhD,3,Male,Software Engineer,9754.651643052512,93802.12147525132,43.75139839432369
4,Engineering,College,3,Male,Driver,4814.924862607788,97468.04216606324,55.10536491350989
2,Operations,PhD,2,Male,Warehouse Associate,3546.027008771103,83097.90969687059,38.258254936107235
3,Engineering,High School,1,Male,Graphic Designer,2554.2538022250533,98113.9901666195,32.706994087066974
1,Engineering,College,2,Female,Data Scientist,5621.3585823209105,69214.95291765057,36.373645108555806
3,Sales,College,5,Female,Warehouse Associate,8725.30674093094,70052.00240284683,52.20781113586378
4,Management,Masters,4,Male,Financial Analyst,7198.6489576585755,88953.13241700044,55.80015969392716
5,Administration,PhD,4,Male,Warehouse Associate,4313.541310434875,145620.6119887444,28.21056995003887
2,Administration,College,4,Male,Data Scientist,4996.610214609595,128658.18090790561,46.21815146366476
5,Management,High School,4,Male,IT,7130.623805398134,130707.04082763675,52.8394323054564
4,Operations,Masters,2,Female,Sales Associate,7781.174898325631,118508.58866702962,41.50512170934745
2,Sales,Masters,4,Female,Data Scientist,6344.646710913517,77383.9335541203,55.87541955443794
4,Engineering,High School,3,Male,Warehouse Associate,9583.662765666273,123069.69214954229,62.029251957456175
5,Management,PhD,4,Male,Data Scientist,6472.015411107572,119792.01244626458,20.54128524787871
3,Management,College,4,Male,Warehouse Associate,7323.634889241526,80438.51632350574,39.36396277668889
3,Operations,College,5,Female,Financial Analyst,3824.489257355553,132710.55911180694,52.68326961686148
3,Engineering,College,5,Male,Graphic Designer,6478.690282669106,143380.95137981317,44.39689797100066
2,Operations,Masters,1,Female,Marketing Associate,8438.42241610754,53428.56345796133,36.901153720750656
5,Administration,PhD,2,Female,Data Scientist,7444.393472213971,56555.04794793624,24.46865894759512
2,Management,PhD,2,Male,Software Engineer,6739.322113327164,77021.15353789784,19.027524863336478
3,Operations,College,4,Female,Marketing Associate,6016.438025679718,80759.63499100198,37.81342843239999
4,Sales,High School,1,Male,Sales Associate,7194.810649508236,89919.5250447937,52.65170692523615
5,Management,Masters,2,Female,Marketing Associate,6055.20544993673,80996.21478643642,47.81198421927919
3,Operations,High School,5,Male,Warehouse Associate,7049.495992789316,114901.52943601717,42.600630502524524
4,Management,PhD,4,Male,Data Scientist,5123.711401057011,101558.72567843189,56.24874555893678
5,Operations,PhD,3,Female,Warehouse Associate,9086.006446201844,55282.22136049138,57.96411048669537
3,Engineering,High School,1,Female,Financial Analyst,3903.5143944214615,116382.90321673127,18.119371860994622
1,Management,PhD,2,Female,Manager,7252.017917951669,95765.27250372645,37.06993569957996
3,Sales,Masters,4,Male,Manager,6061.476129471994,132887.93818267528,32.34975319914932
1,Sales,Masters,3,Female,Manager,5422.071868777183,51022.25029305684,19.8242766529876
3,Engineering,High School,5,Female,IT,9685.485563658483,95356.8825760441,38.555326653134884
3,Engineering,PhD,3,Male,Driver,9293.518487214344,94153.77444900954,33.495005557741344
2,Sales,Masters,2,Female,Data Scientist,8286.344938809007,130134.60163832636,18.85005745373492
2,Engineering,College,1,Male,Software Engineer,7187.281413859202,73655.11582795906,56.47311309201548
3,Administration,High School,3,Female,Driver,5342.6195948498425,98469.3134851501,29.197482973811077
3,Operations,Masters,4,Male,IT,6469.984751236492,143601.08828189835,43.46034421128262
4,Sales,College,2,Female,Financial Analyst,3512.8201930825917,118390.57365396486,28.30901724841815
2,Sales,Masters,5,Female,Warehouse Associate,9766.078804961673,77429.31554818085,54.40687123299901
2,Sales,Masters,5,Male,Software Engineer,2538.474553692833,70112.90511478638,52.599033434859535
1,Engineering,College,1,Male,Software Engineer,8611.726792001877,91591.41398985285,57.011440864470785
1,Engineering,High School,3,Male,Driver,5398.737756625391,121059.52283802949,26.55018124406145
2,Sales,College,5,Male,Software Engineer,2833.1321692145575,84002.76813587308,19.292943769926275
4,Operations,College,5,Female,Marketing Associate,6482.811960478746,48853.45193463336,46.31823628392717
2,Management,College,4,Male,Manager,7620.306968395065,111174.3968068593,55.46530312901787
3,Administration,Masters,2,Male,Driver,5141.545747501459,77135.97264954125,63.461116294746574
5,Engineering,College,4,Male,Financial Analyst,7066.205609140969,87803.12923393708,42.278143570168844
3,Sales,College,4,Female,Manager,9113.90922947829,74007.78165898997,30.588826505606846
4,Operations,College,2,Female,Marketing Associate,3084.058363466776,97113.26405215595,46.23984623813773
3,Operations,College,4,Male,Warehouse Associate,4366.02457273988,96893.00101416772,38.544840426815036
2,Management,College,5,Male,Manager,8249.84151232102,79399.91419839232,31.71000986212419
1,Operations,High School,5,Female,IT,7912.402539278375,117467.3825772452,33.10356777937499
2,Administration,High School,4,Male,Software Engineer,9325.438287684277,138528.77452306647,22.072032950569643
3,Administration,PhD,4,Female,Warehouse Associate,4225.750938674151,78784.50352443452,24.598812264359708
3,Operations,High School,3,Female,Driver,5516.688809613903,69149.74964029039,20.7494199466926
5,Sales,PhD,1,Male,Software Engineer,5015.907467227796,120289.84545852084,35.6832281263669
3,Management,College,3,Female,Financial Analyst,7576.498512996963,91617.18380778431,18.897956130992405
4,Operations,High School,4,Female,Data Scientist,5202.815963482681,105715.58676055305,53.89139077272298
2,Operations,High School,4,Female,Driver,7882.302113889744,89400.38655390257,21.704839401461477
4,Engineering,High School,4,Male,Marketing Associate,4636.463196294331,81928.74587110746,31.904913339139227
